-- Department Inserts

insert into Department ( DepartmentID, DepartmentName) values (1, 'Marketing');
insert into Department ( DepartmentID, DepartmentName) values (2, 'Engineering');
insert into Department ( DepartmentID, DepartmentName) values (3, 'Legal');
insert into Department ( DepartmentID, DepartmentName) values (4, 'Training');
insert into Department ( DepartmentID, DepartmentName) values (5, 'Human Resources');
insert into Department ( DepartmentID, DepartmentName) values (6, 'Human Resources');
insert into Department ( DepartmentID, DepartmentName) values (7, 'Services');
insert into Department ( DepartmentID, DepartmentName) values (8, 'Research and Development');
insert into Department ( DepartmentID, DepartmentName) values (9, 'Sales');
insert into Department ( DepartmentID, DepartmentName) values (10, 'Marketing');
insert into Department ( DepartmentID, DepartmentName) values (11, 'Legal');
insert into Department ( DepartmentID, DepartmentName) values (12, 'Research and Development');
insert into Department ( DepartmentID, DepartmentName) values (13, 'Support');
insert into Department ( DepartmentID, DepartmentName) values (14, 'Product Management');
insert into Department ( DepartmentID, DepartmentName) values (15, 'Business Development');
insert into Department ( DepartmentID, DepartmentName) values (16, 'Business Development');
insert into Department ( DepartmentID, DepartmentName) values (17, 'Business Development');
insert into Department ( DepartmentID, DepartmentName) values (18, 'Training');
insert into Department ( DepartmentID, DepartmentName) values (19, 'Accounting');
insert into Department ( DepartmentID, DepartmentName) values (20, 'Engineering');
insert into Department ( DepartmentID, DepartmentName) values (21, 'Business Development');
insert into Department ( DepartmentID, DepartmentName) values (22, 'Marketing');
insert into Department ( DepartmentID, DepartmentName) values (23, 'Product Management');
insert into Department ( DepartmentID, DepartmentName) values (24, 'Business Development');
insert into Department ( DepartmentID, DepartmentName) values (25, 'Training');
insert into Department ( DepartmentID, DepartmentName) values (26, 'Marketing');
insert into Department ( DepartmentID, DepartmentName) values (27, 'Business Development');
insert into Department ( DepartmentID, DepartmentName) values (28, 'Product Management');
insert into Department ( DepartmentID, DepartmentName) values (29, 'Engineering');
insert into Department ( DepartmentID, DepartmentName) values (30, 'Training');
insert into Department ( DepartmentID, DepartmentName) values (31, 'Marketing');
insert into Department ( DepartmentID, DepartmentName) values (32, 'Services');
insert into Department ( DepartmentID, DepartmentName) values (33, 'Sales');
insert into Department ( DepartmentID, DepartmentName) values (34, 'Business Development');
insert into Department ( DepartmentID, DepartmentName) values (35, 'Research and Development');
insert into Department ( DepartmentID, DepartmentName) values (36, 'Support');
insert into Department ( DepartmentID, DepartmentName) values (37, 'Support');
insert into Department ( DepartmentID, DepartmentName) values (38, 'Services');
insert into Department ( DepartmentID, DepartmentName) values (39, 'Human Resources');
insert into Department ( DepartmentID, DepartmentName) values (40, 'Training');
insert into Department ( DepartmentID, DepartmentName) values (41, 'Product Management');
insert into Department ( DepartmentID, DepartmentName) values (42, 'Marketing');
insert into Department ( DepartmentID, DepartmentName) values (43, 'Business Development');
insert into Department ( DepartmentID, DepartmentName) values (44, 'Engineering');
insert into Department ( DepartmentID, DepartmentName) values (45, 'Research and Development');
insert into Department ( DepartmentID, DepartmentName) values (46, 'Sales');
insert into Department ( DepartmentID, DepartmentName) values (47, 'Sales');
insert into Department ( DepartmentID, DepartmentName) values (48, 'Marketing');
insert into Department ( DepartmentID, DepartmentName) values (49, 'Marketing');
insert into Department ( DepartmentID, DepartmentName) values (50, 'Support');
insert into Department ( DepartmentID, DepartmentName) values (51, 'Services');
insert into Department ( DepartmentID, DepartmentName) values (52, 'Business Development');
insert into Department ( DepartmentID, DepartmentName) values (53, 'Engineering');
insert into Department ( DepartmentID, DepartmentName) values (54, 'Engineering');
insert into Department ( DepartmentID, DepartmentName) values (55, 'Human Resources');
insert into Department ( DepartmentID, DepartmentName) values (56, 'Product Management');
insert into Department ( DepartmentID, DepartmentName) values (57, 'Human Resources');
insert into Department ( DepartmentID, DepartmentName) values (58, 'Accounting');
insert into Department ( DepartmentID, DepartmentName) values (59, 'Support');
insert into Department ( DepartmentID, DepartmentName) values (60, 'Training');
insert into Department ( DepartmentID, DepartmentName) values (61, 'Accounting');
insert into Department ( DepartmentID, DepartmentName) values (62, 'Business Development');
insert into Department ( DepartmentID, DepartmentName) values (63, 'Legal');
insert into Department ( DepartmentID, DepartmentName) values (64, 'Business Development');
insert into Department ( DepartmentID, DepartmentName) values (65, 'Sales');
insert into Department ( DepartmentID, DepartmentName) values (66, 'Business Development');
insert into Department ( DepartmentID, DepartmentName) values (67, 'Marketing');
insert into Department ( DepartmentID, DepartmentName) values (68, 'Business Development');
insert into Department ( DepartmentID, DepartmentName) values (69, 'Training');
insert into Department ( DepartmentID, DepartmentName) values (70, 'Sales');
insert into Department ( DepartmentID, DepartmentName) values (71, 'Accounting');
insert into Department ( DepartmentID, DepartmentName) values (72, 'Human Resources');
insert into Department ( DepartmentID, DepartmentName) values (73, 'Legal');
insert into Department ( DepartmentID, DepartmentName) values (74, 'Product Management');
insert into Department ( DepartmentID, DepartmentName) values (75, 'Accounting');
insert into Department ( DepartmentID, DepartmentName) values (76, 'Engineering');
insert into Department ( DepartmentID, DepartmentName) values (77, 'Marketing');
insert into Department ( DepartmentID, DepartmentName) values (78, 'Support');
insert into Department ( DepartmentID, DepartmentName) values (79, 'Business Development');
insert into Department ( DepartmentID, DepartmentName) values (80, 'Support');
insert into Department ( DepartmentID, DepartmentName) values (81, 'Product Management');
insert into Department ( DepartmentID, DepartmentName) values (82, 'Engineering');
insert into Department ( DepartmentID, DepartmentName) values (83, 'Accounting');
insert into Department ( DepartmentID, DepartmentName) values (84, 'Sales');
insert into Department ( DepartmentID, DepartmentName) values (85, 'Marketing');
insert into Department ( DepartmentID, DepartmentName) values (86, 'Accounting');
insert into Department ( DepartmentID, DepartmentName) values (87, 'Sales');
insert into Department ( DepartmentID, DepartmentName) values (88, 'Support');
insert into Department ( DepartmentID, DepartmentName) values (89, 'Services');
insert into Department ( DepartmentID, DepartmentName) values (90, 'Services');
insert into Department ( DepartmentID, DepartmentName) values (91, 'Human Resources');
insert into Department ( DepartmentID, DepartmentName) values (92, 'Engineering');
insert into Department ( DepartmentID, DepartmentName) values (93, 'Engineering');
insert into Department ( DepartmentID, DepartmentName) values (94, 'Training');
insert into Department ( DepartmentID, DepartmentName) values (95, 'Accounting');
insert into Department ( DepartmentID, DepartmentName) values (96, 'Accounting');
insert into Department ( DepartmentID, DepartmentName) values (97, 'Marketing');
insert into Department ( DepartmentID, DepartmentName) values (98, 'Research and Development');
insert into Department ( DepartmentID, DepartmentName) values (99, 'Product Management');
insert into Department ( DepartmentID, DepartmentName) values (100, 'Accounting');


-- Person Inserts
insert into Person (PersonID, DepartmentID , FirstName, LastName, Address , State, ZipCode, PhoneNum) values (1, 1, 'Yance', 'Clowney', '32988 Monica Street', 'NH', 59853, '603-304-9542');
insert into Person (PersonID, DepartmentID , FirstName, LastName, Address , State, ZipCode, PhoneNum) values (2, 2, 'Andrei', 'Lye', '4 Shopko Alley', 'WA', 82003, '360-945-5220');
insert into Person (PersonID, DepartmentID , FirstName, LastName, Address , State, ZipCode, PhoneNum) values (3, 3, 'Laura', 'Ashbee', '653 North Terrace', 'IN', 85447, '812-527-7437');
insert into Person (PersonID, DepartmentID , FirstName, LastName, Address , State, ZipCode, PhoneNum) values (4, 4, 'Hyman', 'Gresty', '01 Fairview Terrace', 'CA', 88778, '650-913-8021');
insert into Person (PersonID, DepartmentID , FirstName, LastName, Address , State, ZipCode, PhoneNum) values (5, 5, 'Darda', 'Lyptrit', '063 Northland Parkway', 'OH', 94572, '513-478-9045');
insert into Person (PersonID, DepartmentID , FirstName, LastName, Address , State, ZipCode, PhoneNum) values (6, 6, 'Derby', 'Wisker', '24 Cody Point', 'TX', 77232, '254-603-1449');
insert into Person (PersonID, DepartmentID , FirstName, LastName, Address , State, ZipCode, PhoneNum) values (7, 7, 'Wilmer', 'Shaudfurth', '599 South Avenue', 'IL', 87677, '312-401-5635');
insert into Person (PersonID, DepartmentID , FirstName, LastName, Address , State, ZipCode, PhoneNum) values (8, 8, 'Bebe', 'Limer', '01386 Dorton Court', 'KS', 57935, '785-242-6504');
insert into Person (PersonID, DepartmentID , FirstName, LastName, Address , State, ZipCode, PhoneNum) values (9, 9, 'Sari', 'Rowntree', '985 Fairfield Circle', 'KY', 51477, '859-255-1635');
insert into Person (PersonID, DepartmentID , FirstName, LastName, Address , State, ZipCode, PhoneNum) values (10, 10, 'Marcelo', 'Spleving', '976 Londonderry Place', 'VA', 36262, '540-599-7855');
insert into Person (PersonID, DepartmentID , FirstName, LastName, Address , State, ZipCode, PhoneNum) values (11, 11, 'Sharline', 'Birbeck', '22 Atwood Hill', 'NC', 29316, '910-434-7837');
insert into Person (PersonID, DepartmentID , FirstName, LastName, Address , State, ZipCode, PhoneNum) values (12, 12, 'Masha', 'Revans', '035 Sycamore Lane', 'FL', 50235, '954-288-1328');
insert into Person (PersonID, DepartmentID , FirstName, LastName, Address , State, ZipCode, PhoneNum) values (13, 13, 'Bobbi', 'Kirkbright', '08830 Arrowood Court', 'TN', 52905, '615-425-6717');
insert into Person (PersonID, DepartmentID , FirstName, LastName, Address , State, ZipCode, PhoneNum) values (14, 14, 'Audry', 'Bolte', '05273 Little Fleur Park', 'WV', 36910, '304-290-4479');
insert into Person (PersonID, DepartmentID , FirstName, LastName, Address , State, ZipCode, PhoneNum) values (15, 15, 'Hort', 'Staner', '0569 Emmet Avenue', 'NY', 90870, '914-316-2578');
insert into Person (PersonID, DepartmentID , FirstName, LastName, Address , State, ZipCode, PhoneNum) values (16, 16, 'Giovanna', 'Djorevic', '99110 Southridge Parkway', 'CA', 68493, '408-361-8159');
insert into Person (PersonID, DepartmentID , FirstName, LastName, Address , State, ZipCode, PhoneNum) values (17, 17, 'Parnell', 'Pagen', '30965 Glendale Drive', 'TX', 80859, '713-552-8181');
insert into Person (PersonID, DepartmentID , FirstName, LastName, Address , State, ZipCode, PhoneNum) values (18, 18, 'Bryce', 'Helversen', '3781 Homewood Avenue', 'PA', 29575, '570-404-6841');
insert into Person (PersonID, DepartmentID , FirstName, LastName, Address , State, ZipCode, PhoneNum) values (19, 19, 'Shirlee', 'Singh', '7 Harbort Street', 'WI', 50909, '608-967-8543');
insert into Person (PersonID, DepartmentID , FirstName, LastName, Address , State, ZipCode, PhoneNum) values (20, 20, 'Leontyne', 'Groom', '1 Pankratz Circle', 'MO', 67057, '816-819-5564');
insert into Person (PersonID, DepartmentID , FirstName, LastName, Address , State, ZipCode, PhoneNum) values (21, 21, 'Ingeborg', 'Yeabsley', '96 Westerfield Avenue', 'CA', 47437, '805-690-8686');
insert into Person (PersonID, DepartmentID , FirstName, LastName, Address , State, ZipCode, PhoneNum) values (22, 22, 'Henrieta', 'Everleigh', '87141 Oneill Court', 'CA', 92582, '831-546-4839');
insert into Person (PersonID, DepartmentID , FirstName, LastName, Address , State, ZipCode, PhoneNum) values (23, 23, 'Athene', 'Perigo', '364 Manley Point', 'AZ', 21622, '602-515-7462');
insert into Person (PersonID, DepartmentID , FirstName, LastName, Address , State, ZipCode, PhoneNum) values (24, 24, 'Janean', 'Sheather', '005 Kim Trail', 'FL', 59464, '941-720-8497');
insert into Person (PersonID, DepartmentID , FirstName, LastName, Address , State, ZipCode, PhoneNum) values (25, 25, 'Keary', 'Rummins', '35 Sunbrook Way', 'MN', 29185, '763-886-0878');
insert into Person (PersonID, DepartmentID , FirstName, LastName, Address , State, ZipCode, PhoneNum) values (26, 26, 'Hammad', 'De Angelo', '431 Knutson Way', 'OH', 54932, '513-841-6238');
insert into Person (PersonID, DepartmentID , FirstName, LastName, Address , State, ZipCode, PhoneNum) values (27, 27, 'Merrili', 'Lintott', '7 Anderson Terrace', 'CA', 98037, '415-336-7272');
insert into Person (PersonID, DepartmentID , FirstName, LastName, Address , State, ZipCode, PhoneNum) values (28, 28, 'Delora', 'Custance', '61 Dakota Junction', 'MA', 59648, '508-310-5385');
insert into Person (PersonID, DepartmentID , FirstName, LastName, Address , State, ZipCode, PhoneNum) values (29, 29, 'Donaugh', 'Ackhurst', '24 Kenwood Road', 'NC', 76246, '919-212-8623');
insert into Person (PersonID, DepartmentID , FirstName, LastName, Address , State, ZipCode, PhoneNum) values (30, 30, 'Dorena', 'Gregoretti', '9696 Calypso Parkway', 'SC', 84187, '843-245-8374');
insert into Person (PersonID, DepartmentID , FirstName, LastName, Address , State, ZipCode, PhoneNum) values (31, 31, 'Bordie', 'Botright', '23 Almo Trail', 'TN', 28144, '901-568-5466');
insert into Person (PersonID, DepartmentID , FirstName, LastName, Address , State, ZipCode, PhoneNum) values (32, 32, 'Ania', 'Davsley', '6 South Plaza', 'OR', 79281, '503-709-2754');
insert into Person (PersonID, DepartmentID , FirstName, LastName, Address , State, ZipCode, PhoneNum) values (33, 33, 'Wallace', 'Seifenmacher', '307 Rieder Trail', 'PA', 17741, '215-243-4990');
insert into Person (PersonID, DepartmentID , FirstName, LastName, Address , State, ZipCode, PhoneNum) values (34, 34, 'Courtney', 'Sheringham', '14 Hallows Hill', 'NY', 20001, '212-668-0199');
insert into Person (PersonID, DepartmentID , FirstName, LastName, Address , State, ZipCode, PhoneNum) values (35, 35, 'Brandie', 'Kasbye', '8671 Northport Crossing', 'DC', 82601, '202-985-9930');
insert into Person (PersonID, DepartmentID , FirstName, LastName, Address , State, ZipCode, PhoneNum) values (36, 36, 'Nero', 'Rehm', '6803 Clarendon Court', 'GA', 79767, '770-121-7510');
insert into Person (PersonID, DepartmentID , FirstName, LastName, Address , State, ZipCode, PhoneNum) values (37, 37, 'Shari', 'Budnik', '0 Westerfield Plaza', 'KY', 99660, '502-532-2144');
insert into Person (PersonID, DepartmentID , FirstName, LastName, Address , State, ZipCode, PhoneNum) values (38, 38, 'Almeda', 'Facey', '1 Pierstorff Place', 'VA', 35779, '202-799-2506');
insert into Person (PersonID, DepartmentID , FirstName, LastName, Address , State, ZipCode, PhoneNum) values (39, 39, 'Winnie', 'Twidell', '89 Comanche Court', 'CA', 11277, '310-589-9397');
insert into Person (PersonID, DepartmentID , FirstName, LastName, Address , State, ZipCode, PhoneNum) values (40, 40, 'Sherry', 'Sagerson', '29 Maple Wood Park', 'TX', 90379, '915-556-3431');
insert into Person (PersonID, DepartmentID , FirstName, LastName, Address , State, ZipCode, PhoneNum) values (41, 41, 'Boyce', 'Grills', '2724 Nevada Plaza', 'SC', 47556, '864-229-3202');
insert into Person (PersonID, DepartmentID , FirstName, LastName, Address , State, ZipCode, PhoneNum) values (42, 42, 'Godwin', 'Hardinge', '75 Tomscot Park', 'NC', 81891, '828-511-8485');
insert into Person (PersonID, DepartmentID , FirstName, LastName, Address , State, ZipCode, PhoneNum) values (43, 43, 'Ado', 'Paulillo', '25 Dorton Circle', 'NE', 74771, '402-984-7946');
insert into Person (PersonID, DepartmentID , FirstName, LastName, Address , State, ZipCode, PhoneNum) values (44, 44, 'Clarabelle', 'Wolters', '28619 Beilfuss Terrace', 'DC', 50486, '202-391-2988');
insert into Person (PersonID, DepartmentID , FirstName, LastName, Address , State, ZipCode, PhoneNum) values (45, 45, 'Ethyl', 'Russel', '1 Crownhardt Street', 'TX', 34526, '806-405-9897');
insert into Person (PersonID, DepartmentID , FirstName, LastName, Address , State, ZipCode, PhoneNum) values (46, 46, 'Martha', 'Oxby', '18067 Barnett Way', 'NV', 18937, '702-745-4565');
insert into Person (PersonID, DepartmentID , FirstName, LastName, Address , State, ZipCode, PhoneNum) values (47, 47, 'Hilary', 'Kennaway', '27487 Warner Avenue', 'KY', 66295, '502-696-7023');
insert into Person (PersonID, DepartmentID , FirstName, LastName, Address , State, ZipCode, PhoneNum) values (48, 48, 'Steve', 'Karolewski', '354 Elka Trail', 'NY', 67640, '212-668-4412');
insert into Person (PersonID, DepartmentID , FirstName, LastName, Address , State, ZipCode, PhoneNum) values (49, 49, 'Blancha', 'Jacombs', '5081 Green Ridge Road', 'CA', 16112, '408-721-7740');
insert into Person (PersonID, DepartmentID , FirstName, LastName, Address , State, ZipCode, PhoneNum) values (50, 50, 'Winna', 'Lengthorn', '3014 Bayside Pass', 'FL', 25373, '904-774-6017');
insert into Person (PersonID, DepartmentID , FirstName, LastName, Address , State, ZipCode, PhoneNum) values (51, 51, 'Merry', 'McCorrie', '2906 Utah Way', 'WA', 99510, '425-993-7016');
insert into Person (PersonID, DepartmentID , FirstName, LastName, Address , State, ZipCode, PhoneNum) values (52, 52, 'Kaile', 'Fergie', '8 Susan Junction', 'FL', 43030, '941-614-1314');
insert into Person (PersonID, DepartmentID , FirstName, LastName, Address , State, ZipCode, PhoneNum) values (53, 53, 'Shelbi', 'Maulkin', '04 Fairfield Road', 'CT', 93906, '203-248-5911');
insert into Person (PersonID, DepartmentID , FirstName, LastName, Address , State, ZipCode, PhoneNum) values (54, 54, 'Janek', 'Quirk', '2005 Logan Circle', 'VA', 78791, '757-788-3178');
insert into Person (PersonID, DepartmentID , FirstName, LastName, Address , State, ZipCode, PhoneNum) values (55, 55, 'Nevin', 'Janczewski', '0669 Hovde Center', 'TX', 60855, '214-804-5272');
insert into Person (PersonID, DepartmentID , FirstName, LastName, Address , State, ZipCode, PhoneNum) values (56, 56, 'Livia', 'Pinching', '11 Arkansas Parkway', 'LA', 42652, '504-110-3380');
insert into Person (PersonID, DepartmentID , FirstName, LastName, Address , State, ZipCode, PhoneNum) values (57, 57, 'Ann-marie', 'Arrundale', '675 Memorial Circle', 'TX', 27144, '682-148-7614');
insert into Person (PersonID, DepartmentID , FirstName, LastName, Address , State, ZipCode, PhoneNum) values (58, 58, 'Thatcher', 'Guilder', '437 Bluejay Junction', 'UT', 71025, '801-721-8644');
insert into Person (PersonID, DepartmentID , FirstName, LastName, Address , State, ZipCode, PhoneNum) values (59, 59, 'Euell', 'Melody', '21830 Vernon Trail', 'NC', 48154, '704-799-2877');
insert into Person (PersonID, DepartmentID , FirstName, LastName, Address , State, ZipCode, PhoneNum) values (60, 60, 'Frederica', 'O''Gormally', '3766 Red Cloud Terrace', 'NY', 52452, '518-838-3346');
insert into Person (PersonID, DepartmentID , FirstName, LastName, Address , State, ZipCode, PhoneNum) values (61, 61, 'Roze', 'Leonards', '4 Brickson Park Court', 'FL', 50179, '941-499-5337');
insert into Person (PersonID, DepartmentID , FirstName, LastName, Address , State, ZipCode, PhoneNum) values (62, 62, 'Shina', 'Glowinski', '8 Kipling Trail', 'NY', 59170, '315-727-7498');
insert into Person (PersonID, DepartmentID , FirstName, LastName, Address , State, ZipCode, PhoneNum) values (63, 63, 'Reina', 'Asee', '8 Sherman Trail', 'FL', 66035, '305-384-9471');
insert into Person (PersonID, DepartmentID , FirstName, LastName, Address , State, ZipCode, PhoneNum) values (64, 64, 'Hieronymus', 'Shattock', '8590 Dexter Avenue', 'CA', 76531, '805-248-8137');
insert into Person (PersonID, DepartmentID , FirstName, LastName, Address , State, ZipCode, PhoneNum) values (65, 65, 'Carolynn', 'Petrulis', '1662 Beilfuss Alley', 'MA', 85274, '339-489-4088');
insert into Person (PersonID, DepartmentID , FirstName, LastName, Address , State, ZipCode, PhoneNum) values (66, 66, 'Cissiee', 'McLagan', '095 Maryland Avenue', 'NM', 91530, '505-428-8984');
insert into Person (PersonID, DepartmentID , FirstName, LastName, Address , State, ZipCode, PhoneNum) values (67, 67, 'Norton', 'Langman', '158 8th Avenue', 'FL', 39459, '786-163-9233');
insert into Person (PersonID, DepartmentID , FirstName, LastName, Address , State, ZipCode, PhoneNum) values (68, 68, 'Nealon', 'Rapps', '0311 Independence Terrace', 'FL', 10163, '904-581-0613');
insert into Person (PersonID, DepartmentID , FirstName, LastName, Address , State, ZipCode, PhoneNum) values (69, 69, 'Lelah', 'Perot', '3 Maryland Court', 'MO', 31429, '573-249-9373');
insert into Person (PersonID, DepartmentID , FirstName, LastName, Address , State, ZipCode, PhoneNum) values (70, 70, 'Sayre', 'Ferrara', '6041 Orin Avenue', 'ID', 65329, '208-466-6879');
insert into Person (PersonID, DepartmentID , FirstName, LastName, Address , State, ZipCode, PhoneNum) values (71, 71, 'Austen', 'Stealy', '7 Wayridge Pass', 'NE', 88539, '402-402-5990');
insert into Person (PersonID, DepartmentID , FirstName, LastName, Address , State, ZipCode, PhoneNum) values (72, 72, 'Clayborne', 'Hacquoil', '858 Grover Avenue', 'TX', 88765, '915-358-9598');
insert into Person (PersonID, DepartmentID , FirstName, LastName, Address , State, ZipCode, PhoneNum) values (73, 73, 'Kania', 'Whyke', '96 Pankratz Terrace', 'TX', 82330, '713-318-6815');
insert into Person (PersonID, DepartmentID , FirstName, LastName, Address , State, ZipCode, PhoneNum) values (74, 74, 'Milissent', 'Ladon', '05 Reinke Junction', 'KY', 78493, '859-836-7550');
insert into Person (PersonID, DepartmentID , FirstName, LastName, Address , State, ZipCode, PhoneNum) values (75, 75, 'Bethena', 'Campagne', '0496 Gale Way', 'AK', 11655, '907-712-8261');
insert into Person (PersonID, DepartmentID , FirstName, LastName, Address , State, ZipCode, PhoneNum) values (76, 76, 'Jarrod', 'Mingay', '531 Summit Road', 'TX', 96357, '281-725-0855');
insert into Person (PersonID, DepartmentID , FirstName, LastName, Address , State, ZipCode, PhoneNum) values (77, 77, 'Kirsten', 'Adger', '7 Spohn Crossing', 'PA', 54458, '570-986-4724');
insert into Person (PersonID, DepartmentID , FirstName, LastName, Address , State, ZipCode, PhoneNum) values (78, 78, 'Ewell', 'Moden', '14246 Village Green Avenue', 'TX', 26887, '214-667-2590');
insert into Person (PersonID, DepartmentID , FirstName, LastName, Address , State, ZipCode, PhoneNum) values (79, 79, 'Joseph', 'Attreed', '79 Delaware Alley', 'VA', 10994, '804-227-5548');
insert into Person (PersonID, DepartmentID , FirstName, LastName, Address , State, ZipCode, PhoneNum) values (80, 80, 'Roarke', 'Cufflin', '44 Colorado Plaza', 'CA', 99528, '213-107-8453');
insert into Person (PersonID, DepartmentID , FirstName, LastName, Address , State, ZipCode, PhoneNum) values (81, 81, 'Stillmann', 'Hallwell', '7900 Barnett Street', 'VA', 40679, '757-552-6466');
insert into Person (PersonID, DepartmentID , FirstName, LastName, Address , State, ZipCode, PhoneNum) values (82, 82, 'Yasmin', 'Scintsbury', '74 Pankratz Center', 'MI', 33839, '810-409-1154');
insert into Person (PersonID, DepartmentID , FirstName, LastName, Address , State, ZipCode, PhoneNum) values (83, 83, 'Wilbert', 'Nuschke', '07 Dovetail Crossing', 'TX', 65071, '903-129-9423');
insert into Person (PersonID, DepartmentID , FirstName, LastName, Address , State, ZipCode, PhoneNum) values (84, 84, 'Billye', 'Pycock', '40980 Elmside Parkway', 'KY', 54884, '859-348-9119');
insert into Person (PersonID, DepartmentID , FirstName, LastName, Address , State, ZipCode, PhoneNum) values (85, 85, 'Myranda', 'Frazer', '6 Anderson Center', 'OH', 63984, '513-148-8378');
insert into Person (PersonID, DepartmentID , FirstName, LastName, Address , State, ZipCode, PhoneNum) values (86, 86, 'Kirbie', 'Lait', '36427 Rowland Avenue', 'CT', 24850, '203-858-4981');
insert into Person (PersonID, DepartmentID , FirstName, LastName, Address , State, ZipCode, PhoneNum) values (87, 87, 'Jamaal', 'Akred', '4 Reindahl Parkway', 'PA', 30097, '267-708-4982');
insert into Person (PersonID, DepartmentID , FirstName, LastName, Address , State, ZipCode, PhoneNum) values (88, 88, 'Bradan', 'Giller', '7 Fieldstone Park', 'AL', 65933, '334-730-5389');
insert into Person (PersonID, DepartmentID , FirstName, LastName, Address , State, ZipCode, PhoneNum) values (89, 89, 'Brigida', 'Reith', '73363 Drewry Road', 'NV', 68910, '702-678-5423');
insert into Person (PersonID, DepartmentID , FirstName, LastName, Address , State, ZipCode, PhoneNum) values (90, 90, 'Benedikt', 'Gallanders', '6 Twin Pines Drive', 'LA', 95491, '504-367-8120');
insert into Person (PersonID, DepartmentID , FirstName, LastName, Address , State, ZipCode, PhoneNum) values (91, 91, 'Allegra', 'Salkeld', '0505 Division Street', 'MA', 82177, '617-453-4011');
insert into Person (PersonID, DepartmentID , FirstName, LastName, Address , State, ZipCode, PhoneNum) values (92, 92, 'Olwen', 'Doreward', '6 Oneill Road', 'CA', 62051, '951-499-9870');
insert into Person (PersonID, DepartmentID , FirstName, LastName, Address , State, ZipCode, PhoneNum) values (93, 93, 'Aurlie', 'Linch', '926 Colorado Plaza', 'NM', 55022, '505-857-2884');
insert into Person (PersonID, DepartmentID , FirstName, LastName, Address , State, ZipCode, PhoneNum) values (94, 94, 'Carleen', 'Haimes', '817 Bayside Street', 'ND', 18042, '701-654-7208');
insert into Person (PersonID, DepartmentID , FirstName, LastName, Address , State, ZipCode, PhoneNum) values (95, 95, 'Amity', 'Akitt', '47 Prairie Rose Plaza', 'NV', 73849, '702-515-4530');
insert into Person (PersonID, DepartmentID , FirstName, LastName, Address , State, ZipCode, PhoneNum) values (96, 96, 'Perri', 'Yerrington', '6836 Kropf Terrace', 'AL', 33284, '205-147-9398');
insert into Person (PersonID, DepartmentID , FirstName, LastName, Address , State, ZipCode, PhoneNum) values (97, 97, 'Carolyn', 'Jonson', '23 Canary Alley', 'AZ', 58885, '520-682-9173');
insert into Person (PersonID, DepartmentID , FirstName, LastName, Address , State, ZipCode, PhoneNum) values (98, 98, 'Pieter', 'Pietesch', '81943 Coleman Circle', 'NY', 25998, '212-168-9749');
insert into Person (PersonID, DepartmentID , FirstName, LastName, Address , State, ZipCode, PhoneNum) values (99, 99, 'Gerhardine', 'Attersoll', '261 Talisman Terrace', 'AZ', 48444, '602-993-0806');
insert into Person (PersonID, DepartmentID , FirstName, LastName, Address , State, ZipCode, PhoneNum) values (100, 100, 'Jeramie', 'Pevsner', '98924 Kensington Circle', 'WA', 85063, '425-844-9440');

-- Customer Inserts
insert into Customer (PersonID, GamesAttended, is_Student) values (1, 16, true);
insert into Customer (PersonID, GamesAttended, is_Student) values (2, 22, true);
insert into Customer (PersonID, GamesAttended, is_Student) values (3, 75, true);
insert into Customer (PersonID, GamesAttended, is_Student) values (4, 70, false);
insert into Customer (PersonID, GamesAttended, is_Student) values (5, 52, true);
insert into Customer (PersonID, GamesAttended, is_Student) values (6, 92, false);
insert into Customer (PersonID, GamesAttended, is_Student) values (7, 5, false);
insert into Customer (PersonID, GamesAttended, is_Student) values (8, 99, false);
insert into Customer (PersonID, GamesAttended, is_Student) values (9, 8, false);
insert into Customer (PersonID, GamesAttended, is_Student) values (10, 69, false);
insert into Customer (PersonID, GamesAttended, is_Student) values (11, 22, false);
insert into Customer (PersonID, GamesAttended, is_Student) values (12, 69, true);
insert into Customer (PersonID, GamesAttended, is_Student) values (13, 73, true);
insert into Customer (PersonID, GamesAttended, is_Student) values (14, 52, true);
insert into Customer (PersonID, GamesAttended, is_Student) values (15, 58, true);
insert into Customer (PersonID, GamesAttended, is_Student) values (16, 54, true);
insert into Customer (PersonID, GamesAttended, is_Student) values (17, 20, true);
insert into Customer (PersonID, GamesAttended, is_Student) values (18, 34, true);
insert into Customer (PersonID, GamesAttended, is_Student) values (19, 8, false);
insert into Customer (PersonID, GamesAttended, is_Student) values (20, 90, false);
insert into Customer (PersonID, GamesAttended, is_Student) values (21, 8, true);
insert into Customer (PersonID, GamesAttended, is_Student) values (22, 82, true);
insert into Customer (PersonID, GamesAttended, is_Student) values (23, 27, true);
insert into Customer (PersonID, GamesAttended, is_Student) values (24, 83, false);
insert into Customer (PersonID, GamesAttended, is_Student) values (25, 71, false);
insert into Customer (PersonID, GamesAttended, is_Student) values (26, 58, false);
insert into Customer (PersonID, GamesAttended, is_Student) values (27, 28, false);
insert into Customer (PersonID, GamesAttended, is_Student) values (28, 58, true);
insert into Customer (PersonID, GamesAttended, is_Student) values (29, 98, false);
insert into Customer (PersonID, GamesAttended, is_Student) values (30, 9, false);
insert into Customer (PersonID, GamesAttended, is_Student) values (31, 44, true);
insert into Customer (PersonID, GamesAttended, is_Student) values (32, 7, true);
insert into Customer (PersonID, GamesAttended, is_Student) values (33, 76, false);
insert into Customer (PersonID, GamesAttended, is_Student) values (34, 93, true);
insert into Customer (PersonID, GamesAttended, is_Student) values (35, 64, false);
insert into Customer (PersonID, GamesAttended, is_Student) values (36, 18, false);
insert into Customer (PersonID, GamesAttended, is_Student) values (37, 19, false);
insert into Customer (PersonID, GamesAttended, is_Student) values (38, 48, true);
insert into Customer (PersonID, GamesAttended, is_Student) values (39, 17, true);
insert into Customer (PersonID, GamesAttended, is_Student) values (40, 98, false);
insert into Customer (PersonID, GamesAttended, is_Student) values (41, 9, false);
insert into Customer (PersonID, GamesAttended, is_Student) values (42, 49, true);
insert into Customer (PersonID, GamesAttended, is_Student) values (43, 63, false);
insert into Customer (PersonID, GamesAttended, is_Student) values (44, 70, false);
insert into Customer (PersonID, GamesAttended, is_Student) values (45, 49, false);
insert into Customer (PersonID, GamesAttended, is_Student) values (46, 2, false);
insert into Customer (PersonID, GamesAttended, is_Student) values (47, 72, false);
insert into Customer (PersonID, GamesAttended, is_Student) values (48, 49, false);
insert into Customer (PersonID, GamesAttended, is_Student) values (49, 51, false);
insert into Customer (PersonID, GamesAttended, is_Student) values (50, 45, true);
insert into Customer (PersonID, GamesAttended, is_Student) values (51, 70, true);
insert into Customer (PersonID, GamesAttended, is_Student) values (52, 60, true);
insert into Customer (PersonID, GamesAttended, is_Student) values (53, 82, true);
insert into Customer (PersonID, GamesAttended, is_Student) values (54, 5, false);
insert into Customer (PersonID, GamesAttended, is_Student) values (55, 80, false);
insert into Customer (PersonID, GamesAttended, is_Student) values (56, 60, false);
insert into Customer (PersonID, GamesAttended, is_Student) values (57, 71, false);
insert into Customer (PersonID, GamesAttended, is_Student) values (58, 72, false);
insert into Customer (PersonID, GamesAttended, is_Student) values (59, 36, true);
insert into Customer (PersonID, GamesAttended, is_Student) values (60, 7, true);
insert into Customer (PersonID, GamesAttended, is_Student) values (61, 14, false);
insert into Customer (PersonID, GamesAttended, is_Student) values (62, 21, true);
insert into Customer (PersonID, GamesAttended, is_Student) values (63, 97, false);
insert into Customer (PersonID, GamesAttended, is_Student) values (64, 18, true);
insert into Customer (PersonID, GamesAttended, is_Student) values (65, 40, true);
insert into Customer (PersonID, GamesAttended, is_Student) values (66, 11, false);
insert into Customer (PersonID, GamesAttended, is_Student) values (67, 45, false);
insert into Customer (PersonID, GamesAttended, is_Student) values (68, 49, true);
insert into Customer (PersonID, GamesAttended, is_Student) values (69, 15, false);
insert into Customer (PersonID, GamesAttended, is_Student) values (70, 98, true);
insert into Customer (PersonID, GamesAttended, is_Student) values (71, 55, false);
insert into Customer (PersonID, GamesAttended, is_Student) values (72, 100, true);
insert into Customer (PersonID, GamesAttended, is_Student) values (73, 4, true);
insert into Customer (PersonID, GamesAttended, is_Student) values (74, 66, false);
insert into Customer (PersonID, GamesAttended, is_Student) values (75, 67, false);
insert into Customer (PersonID, GamesAttended, is_Student) values (76, 92, false);
insert into Customer (PersonID, GamesAttended, is_Student) values (77, 88, false);
insert into Customer (PersonID, GamesAttended, is_Student) values (78, 93, false);
insert into Customer (PersonID, GamesAttended, is_Student) values (79, 21, false);
insert into Customer (PersonID, GamesAttended, is_Student) values (80, 76, true);
insert into Customer (PersonID, GamesAttended, is_Student) values (81, 12, false);
insert into Customer (PersonID, GamesAttended, is_Student) values (82, 76, true);
insert into Customer (PersonID, GamesAttended, is_Student) values (83, 51, false);
insert into Customer (PersonID, GamesAttended, is_Student) values (84, 46, true);
insert into Customer (PersonID, GamesAttended, is_Student) values (85, 97, false);
insert into Customer (PersonID, GamesAttended, is_Student) values (86, 7, false);
insert into Customer (PersonID, GamesAttended, is_Student) values (87, 70, true);
insert into Customer (PersonID, GamesAttended, is_Student) values (88, 56, false);
insert into Customer (PersonID, GamesAttended, is_Student) values (89, 65, true);
insert into Customer (PersonID, GamesAttended, is_Student) values (90, 19, false);
insert into Customer (PersonID, GamesAttended, is_Student) values (91, 15, false);
insert into Customer (PersonID, GamesAttended, is_Student) values (92, 44, true);
insert into Customer (PersonID, GamesAttended, is_Student) values (93, 43, true);
insert into Customer (PersonID, GamesAttended, is_Student) values (94, 32, true);
insert into Customer (PersonID, GamesAttended, is_Student) values (95, 100, false);
insert into Customer (PersonID, GamesAttended, is_Student) values (96, 29, false);
insert into Customer (PersonID, GamesAttended, is_Student) values (97, 43, false);
insert into Customer (PersonID, GamesAttended, is_Student) values (98, 65, true);
insert into Customer (PersonID, GamesAttended, is_Student) values (99, 4, false);
insert into Customer (PersonID, GamesAttended, is_Student) values (100, 95, false);

-- University
insert into University (CollegeID, CollegeName) values (1, 'Universidade Federal Fluminense');
insert into University (CollegeID, CollegeName) values (2, 'Fachhochschule Worms');
insert into University (CollegeID, CollegeName) values (3, 'University of Maine, Orono');
insert into University (CollegeID, CollegeName) values (4, 'Fort Lewis College');
insert into University (CollegeID, CollegeName) values (5, 'Seberang Perai Polytechnic');
insert into University (CollegeID, CollegeName) values (6, 'Sir Syed University of Engineering and Technology');
insert into University (CollegeID, CollegeName) values (7, 'Pädagogische Hochschule Ludwigsburg');
insert into University (CollegeID, CollegeName) values (8, 'Meharry Medical College');
insert into University (CollegeID, CollegeName) values (9, 'Transylvania University');
insert into University (CollegeID, CollegeName) values (10, 'Universitas Putera Batam');
insert into University (CollegeID, CollegeName) values (11, 'Qingdao University');
insert into University (CollegeID, CollegeName) values (12, 'Gift University');
insert into University (CollegeID, CollegeName) values (13, 'Komsomolsk-on-Amur State Technical University');
insert into University (CollegeID, CollegeName) values (14, 'Kazan State University');
insert into University (CollegeID, CollegeName) values (15, 'University of Montana Western');
insert into University (CollegeID, CollegeName) values (16, 'University of Kashmir');
insert into University (CollegeID, CollegeName) values (17, 'Finlandia University');
insert into University (CollegeID, CollegeName) values (18, 'Principia College');
insert into University (CollegeID, CollegeName) values (19, 'Universidad Católica Anselmo Llorente');
insert into University (CollegeID, CollegeName) values (20, 'Shahrood University of Medical Sciences');
insert into University (CollegeID, CollegeName) values (21, 'Hamilton College');
insert into University (CollegeID, CollegeName) values (22, 'West Coast University');
insert into University (CollegeID, CollegeName) values (23, 'Univesidade Agostinho Neto');
insert into University (CollegeID, CollegeName) values (24, 'Spring Hill College');
insert into University (CollegeID, CollegeName) values (25, 'Jones International University');
insert into University (CollegeID, CollegeName) values (26, 'University of Illinois at Chicago');
insert into University (CollegeID, CollegeName) values (27, 'Kunstakademie Düsseldorf.');
insert into University (CollegeID, CollegeName) values (28, 'Wuhan University School of Medicine');
insert into University (CollegeID, CollegeName) values (29, 'Institute of Germanic Studies, University of London');
insert into University (CollegeID, CollegeName) values (30, 'Islamic Azad University, Sanandaj');
insert into University (CollegeID, CollegeName) values (31, 'International Academy of  Merchandising and Design Tampa');
insert into University (CollegeID, CollegeName) values (32, 'Georgetown University');
insert into University (CollegeID, CollegeName) values (33, 'Universiti Utara Malaysia');
insert into University (CollegeID, CollegeName) values (34, 'Wako University');
insert into University (CollegeID, CollegeName) values (35, 'COMSATS Institute of Information Technology, Lahore');
insert into University (CollegeID, CollegeName) values (36, 'Pedagogical University of Rzeszow');
insert into University (CollegeID, CollegeName) values (37, 'Universidad Tecnológica Indoamérica');
insert into University (CollegeID, CollegeName) values (38, 'Bakht Er-Ruda University');
insert into University (CollegeID, CollegeName) values (39, 'New England College of Optometry');
insert into University (CollegeID, CollegeName) values (40, 'Universidad de Viña del Mar');
insert into University (CollegeID, CollegeName) values (41, 'University of Nueva Caceres');
insert into University (CollegeID, CollegeName) values (42, 'Spring Arbor College');
insert into University (CollegeID, CollegeName) values (43, 'Université de Reims Champagne-Ardenne');
insert into University (CollegeID, CollegeName) values (44, 'Instituto Superior de Psicologia Aplicada');
insert into University (CollegeID, CollegeName) values (45, 'Hanshin University');
insert into University (CollegeID, CollegeName) values (46, 'The Manchester Metropolitan University');
insert into University (CollegeID, CollegeName) values (47, 'Universidad Autonoma de Chiriqui');
insert into University (CollegeID, CollegeName) values (48, 'State University of New York College at Geneseo');
insert into University (CollegeID, CollegeName) values (49, 'Chung Yuan Christian University');
insert into University (CollegeID, CollegeName) values (50, 'Polytechnic Institute of Bari');
insert into University (CollegeID, CollegeName) values (51, 'University of the Virgin Islands');
insert into University (CollegeID, CollegeName) values (52, 'Pázmány Péter Catholic University');
insert into University (CollegeID, CollegeName) values (53, 'Massachusetts School of Professional Psychology');
insert into University (CollegeID, CollegeName) values (54, 'George Mason University');
insert into University (CollegeID, CollegeName) values (55, 'Université Victor Segalen (Bordeaux II)');
insert into University (CollegeID, CollegeName) values (56, 'Universidade da Região da Campanha');
insert into University (CollegeID, CollegeName) values (57, 'Blekinge Institute of Technology');
insert into University (CollegeID, CollegeName) values (58, 'Chonnam National University');
insert into University (CollegeID, CollegeName) values (59, 'Instituto Politécnico da Guarda');
insert into University (CollegeID, CollegeName) values (60, 'Qafqaz University');
insert into University (CollegeID, CollegeName) values (61, 'Tezpur University');
insert into University (CollegeID, CollegeName) values (62, 'Universidad Autonoma de Chiriqui');
insert into University (CollegeID, CollegeName) values (63, 'International Christian University');
insert into University (CollegeID, CollegeName) values (64, 'Universidade Ibirapuera');
insert into University (CollegeID, CollegeName) values (65, 'Daniel Webster College');
insert into University (CollegeID, CollegeName) values (66, 'University of the Philippines Mindanao');
insert into University (CollegeID, CollegeName) values (67, 'North East University Bangladesh');
insert into University (CollegeID, CollegeName) values (68, 'Institute of Teachers Education, Tuanku Bainun');
insert into University (CollegeID, CollegeName) values (69, 'Kobe City University of ForeignStudies');
insert into University (CollegeID, CollegeName) values (70, 'DCT International Hotel & Business Management School');
insert into University (CollegeID, CollegeName) values (71, 'Kateb Institute of Higher Education');
insert into University (CollegeID, CollegeName) values (72, 'University College of the Cariboo');
insert into University (CollegeID, CollegeName) values (73, 'Suranaree University of Technology');
insert into University (CollegeID, CollegeName) values (74, 'Caritas University');
insert into University (CollegeID, CollegeName) values (75, 'Washington University in St. Louis');
insert into University (CollegeID, CollegeName) values (76, 'Peru State College');
insert into University (CollegeID, CollegeName) values (77, 'College of Science, Baghdad University');
insert into University (CollegeID, CollegeName) values (78, 'Uttarakhand Technical University');
insert into University (CollegeID, CollegeName) values (79, 'Solapur University');
insert into University (CollegeID, CollegeName) values (80, 'Institut Teknologi Bandung');
insert into University (CollegeID, CollegeName) values (81, 'Ecole Nationale de la Météorologie');
insert into University (CollegeID, CollegeName) values (82, 'Huaqiao University Quanzhuo');
insert into University (CollegeID, CollegeName) values (83, 'Illinois Benedictine University');
insert into University (CollegeID, CollegeName) values (84, 'Technological University (Monywa)');
insert into University (CollegeID, CollegeName) values (85, 'Eritrea Institute of Technology');
insert into University (CollegeID, CollegeName) values (86, 'Emporia State University');
insert into University (CollegeID, CollegeName) values (87, 'University of Alaska - Southeast');
insert into University (CollegeID, CollegeName) values (88, 'Gomel State Medical University');
insert into University (CollegeID, CollegeName) values (89, 'Instituto Politécnico de Tomar');
insert into University (CollegeID, CollegeName) values (90, 'Laurentian University of Sudbury');
insert into University (CollegeID, CollegeName) values (91, 'Oklahoma State University');
insert into University (CollegeID, CollegeName) values (92, 'Universität Hannover');
insert into University (CollegeID, CollegeName) values (93, 'School of the Museum of Fine Arts');
insert into University (CollegeID, CollegeName) values (94, 'Parwan University');
insert into University (CollegeID, CollegeName) values (95, 'DeVry Institute of Technology, Decatur');
insert into University (CollegeID, CollegeName) values (96, 'National Institute of Mental Health and Neuro Sciences');
insert into University (CollegeID, CollegeName) values (97, 'Toyama Medical and Pharmaceutical University');
insert into University (CollegeID, CollegeName) values (98, 'Dominican University');
insert into University (CollegeID, CollegeName) values (99, 'Lipeck State Technical University');
insert into University (CollegeID, CollegeName) values (100, 'Ateneo de Zamboanga University');


-- BasketballTeam
insert into BasketballTeam (TeamID , HomeTeamID, AwayTeamID, CollegeID) values (1, 1, 1, 1);
insert into BasketballTeam (TeamID , HomeTeamID, AwayTeamID, CollegeID) values (2, 2, 2, 2);
insert into BasketballTeam (TeamID , HomeTeamID, AwayTeamID, CollegeID) values (3, 3, 3, 3);
insert into BasketballTeam (TeamID , HomeTeamID, AwayTeamID, CollegeID) values (4, 4, 4, 4);
insert into BasketballTeam (TeamID , HomeTeamID, AwayTeamID, CollegeID) values (5, 5, 5, 5);
insert into BasketballTeam (TeamID , HomeTeamID, AwayTeamID, CollegeID) values (6, 6, 6, 6);
insert into BasketballTeam (TeamID , HomeTeamID, AwayTeamID, CollegeID) values (7, 7, 7, 7);
insert into BasketballTeam (TeamID , HomeTeamID, AwayTeamID, CollegeID) values (8, 8, 8, 8);
insert into BasketballTeam (TeamID , HomeTeamID, AwayTeamID, CollegeID) values (9, 9, 9, 9);
insert into BasketballTeam (TeamID , HomeTeamID, AwayTeamID, CollegeID) values (10, 10, 10, 10);
insert into BasketballTeam (TeamID , HomeTeamID, AwayTeamID, CollegeID) values (11, 11, 11, 11);
insert into BasketballTeam (TeamID , HomeTeamID, AwayTeamID, CollegeID) values (12, 12, 12, 12);
insert into BasketballTeam (TeamID , HomeTeamID, AwayTeamID, CollegeID) values (13, 13, 13, 13);
insert into BasketballTeam (TeamID , HomeTeamID, AwayTeamID, CollegeID) values (14, 14, 14, 14);
insert into BasketballTeam (TeamID , HomeTeamID, AwayTeamID, CollegeID) values (15, 15, 15, 15);
insert into BasketballTeam (TeamID , HomeTeamID, AwayTeamID, CollegeID) values (16, 16, 16, 16);
insert into BasketballTeam (TeamID , HomeTeamID, AwayTeamID, CollegeID) values (17, 17, 17, 17);
insert into BasketballTeam (TeamID , HomeTeamID, AwayTeamID, CollegeID) values (18, 18, 18, 18);
insert into BasketballTeam (TeamID , HomeTeamID, AwayTeamID, CollegeID) values (19, 19, 19, 19);
insert into BasketballTeam (TeamID , HomeTeamID, AwayTeamID, CollegeID) values (20, 20, 20, 20);
insert into BasketballTeam (TeamID , HomeTeamID, AwayTeamID, CollegeID) values (21, 21, 21, 21);
insert into BasketballTeam (TeamID , HomeTeamID, AwayTeamID, CollegeID) values (22, 22, 22, 22);
insert into BasketballTeam (TeamID , HomeTeamID, AwayTeamID, CollegeID) values (23, 23, 23, 23);
insert into BasketballTeam (TeamID , HomeTeamID, AwayTeamID, CollegeID) values (24, 24, 24, 24);
insert into BasketballTeam (TeamID , HomeTeamID, AwayTeamID, CollegeID) values (25, 25, 25, 25);
insert into BasketballTeam (TeamID , HomeTeamID, AwayTeamID, CollegeID) values (26, 26, 26, 26);
insert into BasketballTeam (TeamID , HomeTeamID, AwayTeamID, CollegeID) values (27, 27, 27, 27);
insert into BasketballTeam (TeamID , HomeTeamID, AwayTeamID, CollegeID) values (28, 28, 28, 28);
insert into BasketballTeam (TeamID , HomeTeamID, AwayTeamID, CollegeID) values (29, 29, 29, 29);
insert into BasketballTeam (TeamID , HomeTeamID, AwayTeamID, CollegeID) values (30, 30, 30, 30);
insert into BasketballTeam (TeamID , HomeTeamID, AwayTeamID, CollegeID) values (31, 31, 31, 31);
insert into BasketballTeam (TeamID , HomeTeamID, AwayTeamID, CollegeID) values (32, 32, 32, 32);
insert into BasketballTeam (TeamID , HomeTeamID, AwayTeamID, CollegeID) values (33, 33, 33, 33);
insert into BasketballTeam (TeamID , HomeTeamID, AwayTeamID, CollegeID) values (34, 34, 34, 34);
insert into BasketballTeam (TeamID , HomeTeamID, AwayTeamID, CollegeID) values (35, 35, 35, 35);
insert into BasketballTeam (TeamID , HomeTeamID, AwayTeamID, CollegeID) values (36, 36, 36, 36);
insert into BasketballTeam (TeamID , HomeTeamID, AwayTeamID, CollegeID) values (37, 37, 37, 37);
insert into BasketballTeam (TeamID , HomeTeamID, AwayTeamID, CollegeID) values (38, 38, 38, 38);
insert into BasketballTeam (TeamID , HomeTeamID, AwayTeamID, CollegeID) values (39, 39, 39, 39);
insert into BasketballTeam (TeamID , HomeTeamID, AwayTeamID, CollegeID) values (40, 40, 40, 40);
insert into BasketballTeam (TeamID , HomeTeamID, AwayTeamID, CollegeID) values (41, 41, 41, 41);
insert into BasketballTeam (TeamID , HomeTeamID, AwayTeamID, CollegeID) values (42, 42, 42, 42);
insert into BasketballTeam (TeamID , HomeTeamID, AwayTeamID, CollegeID) values (43, 43, 43, 43);
insert into BasketballTeam (TeamID , HomeTeamID, AwayTeamID, CollegeID) values (44, 44, 44, 44);
insert into BasketballTeam (TeamID , HomeTeamID, AwayTeamID, CollegeID) values (45, 45, 45, 45);
insert into BasketballTeam (TeamID , HomeTeamID, AwayTeamID, CollegeID) values (46, 46, 46, 46);
insert into BasketballTeam (TeamID , HomeTeamID, AwayTeamID, CollegeID) values (47, 47, 47, 47);
insert into BasketballTeam (TeamID , HomeTeamID, AwayTeamID, CollegeID) values (48, 48, 48, 48);
insert into BasketballTeam (TeamID , HomeTeamID, AwayTeamID, CollegeID) values (49, 49, 49, 49);
insert into BasketballTeam (TeamID , HomeTeamID, AwayTeamID, CollegeID) values (50, 50, 50, 50);
insert into BasketballTeam (TeamID , HomeTeamID, AwayTeamID, CollegeID) values (51, 51, 51, 51);
insert into BasketballTeam (TeamID , HomeTeamID, AwayTeamID, CollegeID) values (52, 52, 52, 52);
insert into BasketballTeam (TeamID , HomeTeamID, AwayTeamID, CollegeID) values (53, 53, 53, 53);
insert into BasketballTeam (TeamID , HomeTeamID, AwayTeamID, CollegeID) values (54, 54, 54, 54);
insert into BasketballTeam (TeamID , HomeTeamID, AwayTeamID, CollegeID) values (55, 55, 55, 55);
insert into BasketballTeam (TeamID , HomeTeamID, AwayTeamID, CollegeID) values (56, 56, 56, 56);
insert into BasketballTeam (TeamID , HomeTeamID, AwayTeamID, CollegeID) values (57, 57, 57, 57);
insert into BasketballTeam (TeamID , HomeTeamID, AwayTeamID, CollegeID) values (58, 58, 58, 58);
insert into BasketballTeam (TeamID , HomeTeamID, AwayTeamID, CollegeID) values (59, 59, 59, 59);
insert into BasketballTeam (TeamID , HomeTeamID, AwayTeamID, CollegeID) values (60, 60, 60, 60);
insert into BasketballTeam (TeamID , HomeTeamID, AwayTeamID, CollegeID) values (61, 61, 61, 61);
insert into BasketballTeam (TeamID , HomeTeamID, AwayTeamID, CollegeID) values (62, 62, 62, 62);
insert into BasketballTeam (TeamID , HomeTeamID, AwayTeamID, CollegeID) values (63, 63, 63, 63);
insert into BasketballTeam (TeamID , HomeTeamID, AwayTeamID, CollegeID) values (64, 64, 64, 64);
insert into BasketballTeam (TeamID , HomeTeamID, AwayTeamID, CollegeID) values (65, 65, 65, 65);
insert into BasketballTeam (TeamID , HomeTeamID, AwayTeamID, CollegeID) values (66, 66, 66, 66);
insert into BasketballTeam (TeamID , HomeTeamID, AwayTeamID, CollegeID) values (67, 67, 67, 67);
insert into BasketballTeam (TeamID , HomeTeamID, AwayTeamID, CollegeID) values (68, 68, 68, 68);
insert into BasketballTeam (TeamID , HomeTeamID, AwayTeamID, CollegeID) values (69, 69, 69, 69);
insert into BasketballTeam (TeamID , HomeTeamID, AwayTeamID, CollegeID) values (70, 70, 70, 70);
insert into BasketballTeam (TeamID , HomeTeamID, AwayTeamID, CollegeID) values (71, 71, 71, 71);
insert into BasketballTeam (TeamID , HomeTeamID, AwayTeamID, CollegeID) values (72, 72, 72, 72);
insert into BasketballTeam (TeamID , HomeTeamID, AwayTeamID, CollegeID) values (73, 73, 73, 73);
insert into BasketballTeam (TeamID , HomeTeamID, AwayTeamID, CollegeID) values (74, 74, 74, 74);
insert into BasketballTeam (TeamID , HomeTeamID, AwayTeamID, CollegeID) values (75, 75, 75, 75);
insert into BasketballTeam (TeamID , HomeTeamID, AwayTeamID, CollegeID) values (76, 76, 76, 76);
insert into BasketballTeam (TeamID , HomeTeamID, AwayTeamID, CollegeID) values (77, 77, 77, 77);
insert into BasketballTeam (TeamID , HomeTeamID, AwayTeamID, CollegeID) values (78, 78, 78, 78);
insert into BasketballTeam (TeamID , HomeTeamID, AwayTeamID, CollegeID) values (79, 79, 79, 79);
insert into BasketballTeam (TeamID , HomeTeamID, AwayTeamID, CollegeID) values (80, 80, 80, 80);
insert into BasketballTeam (TeamID , HomeTeamID, AwayTeamID, CollegeID) values (81, 81, 81, 81);
insert into BasketballTeam (TeamID , HomeTeamID, AwayTeamID, CollegeID) values (82, 82, 82, 82);
insert into BasketballTeam (TeamID , HomeTeamID, AwayTeamID, CollegeID) values (83, 83, 83, 83);
insert into BasketballTeam (TeamID , HomeTeamID, AwayTeamID, CollegeID) values (84, 84, 84, 84);
insert into BasketballTeam (TeamID , HomeTeamID, AwayTeamID, CollegeID) values (85, 85, 85, 85);
insert into BasketballTeam (TeamID , HomeTeamID, AwayTeamID, CollegeID) values (86, 86, 86, 86);
insert into BasketballTeam (TeamID , HomeTeamID, AwayTeamID, CollegeID) values (87, 87, 87, 87);
insert into BasketballTeam (TeamID , HomeTeamID, AwayTeamID, CollegeID) values (88, 88, 88, 88);
insert into BasketballTeam (TeamID , HomeTeamID, AwayTeamID, CollegeID) values (89, 89, 89, 89);
insert into BasketballTeam (TeamID , HomeTeamID, AwayTeamID, CollegeID) values (90, 90, 90, 90);
insert into BasketballTeam (TeamID , HomeTeamID, AwayTeamID, CollegeID) values (91, 91, 91, 91);
insert into BasketballTeam (TeamID , HomeTeamID, AwayTeamID, CollegeID) values (92, 92, 92, 92);
insert into BasketballTeam (TeamID , HomeTeamID, AwayTeamID, CollegeID) values (93, 93, 93, 93);
insert into BasketballTeam (TeamID , HomeTeamID, AwayTeamID, CollegeID) values (94, 94, 94, 94);
insert into BasketballTeam (TeamID , HomeTeamID, AwayTeamID, CollegeID) values (95, 95, 95, 95);
insert into BasketballTeam (TeamID , HomeTeamID, AwayTeamID, CollegeID) values (96, 96, 96, 96);
insert into BasketballTeam (TeamID , HomeTeamID, AwayTeamID, CollegeID) values (97, 97, 97, 97);
insert into BasketballTeam (TeamID , HomeTeamID, AwayTeamID, CollegeID) values (98, 98, 98, 98);
insert into BasketballTeam (TeamID , HomeTeamID, AwayTeamID, CollegeID) values (99, 99, 99, 99);
insert into BasketballTeam (TeamID , HomeTeamID, AwayTeamID, CollegeID) values (100, 100, 100, 100);

-- Coach Inserts

insert into Coach (PersonID, TeamID, StartYear, NumOfGamesCoached, Wins_Losses_Percent) values (1, 1, 2019, 34, 51.56);
insert into Coach (PersonID, TeamID, StartYear, NumOfGamesCoached, Wins_Losses_Percent) values (2, 2, 2006, 18, 63.33);
insert into Coach (PersonID, TeamID, StartYear, NumOfGamesCoached, Wins_Losses_Percent) values (3, 3, 2013, 68, 63.25);
insert into Coach (PersonID, TeamID, StartYear, NumOfGamesCoached, Wins_Losses_Percent) values (4, 4, 2010, 46, 85.93);
insert into Coach (PersonID, TeamID, StartYear, NumOfGamesCoached, Wins_Losses_Percent) values (5, 5, 2014, 53, 65.53);
insert into Coach (PersonID, TeamID, StartYear, NumOfGamesCoached, Wins_Losses_Percent) values (6, 6, 1995, 47, 42.43);
insert into Coach (PersonID, TeamID, StartYear, NumOfGamesCoached, Wins_Losses_Percent) values (7, 7, 2003, 41, 30.3);
insert into Coach (PersonID, TeamID, StartYear, NumOfGamesCoached, Wins_Losses_Percent) values (8, 8, 2004, 30, 57.95);
insert into Coach (PersonID, TeamID, StartYear, NumOfGamesCoached, Wins_Losses_Percent) values (9, 9, 2004, 22, 43.1);
insert into Coach (PersonID, TeamID, StartYear, NumOfGamesCoached, Wins_Losses_Percent) values (10, 10, 2020, 26, 77.8);
insert into Coach (PersonID, TeamID, StartYear, NumOfGamesCoached, Wins_Losses_Percent) values (11, 11, 2011, 45, 54.56);
insert into Coach (PersonID, TeamID, StartYear, NumOfGamesCoached, Wins_Losses_Percent) values (12, 12, 2011, 55, 78.59);
insert into Coach (PersonID, TeamID, StartYear, NumOfGamesCoached, Wins_Losses_Percent) values (13, 13, 2021, 25, 54.58);
insert into Coach (PersonID, TeamID, StartYear, NumOfGamesCoached, Wins_Losses_Percent) values (14, 14, 2011, 48, 61.77);
insert into Coach (PersonID, TeamID, StartYear, NumOfGamesCoached, Wins_Losses_Percent) values (15, 15, 2007, 20, 34.32);
insert into Coach (PersonID, TeamID, StartYear, NumOfGamesCoached, Wins_Losses_Percent) values (16, 16, 2015, 22, 53.2);
insert into Coach (PersonID, TeamID, StartYear, NumOfGamesCoached, Wins_Losses_Percent) values (17, 17, 2001, 17, 76.66);
insert into Coach (PersonID, TeamID, StartYear, NumOfGamesCoached, Wins_Losses_Percent) values (18, 18, 1997, 53, 36.67);
insert into Coach (PersonID, TeamID, StartYear, NumOfGamesCoached, Wins_Losses_Percent) values (19, 19, 2020, 26, 94.18);
insert into Coach (PersonID, TeamID, StartYear, NumOfGamesCoached, Wins_Losses_Percent) values (20, 20, 2019, 49, 73.03);
insert into Coach (PersonID, TeamID, StartYear, NumOfGamesCoached, Wins_Losses_Percent) values (21, 21, 1998, 27, 63.22);
insert into Coach (PersonID, TeamID, StartYear, NumOfGamesCoached, Wins_Losses_Percent) values (22, 22, 2009, 49, 74.71);
insert into Coach (PersonID, TeamID, StartYear, NumOfGamesCoached, Wins_Losses_Percent) values (23, 23, 2011, 30, 47.6);
insert into Coach (PersonID, TeamID, StartYear, NumOfGamesCoached, Wins_Losses_Percent) values (24, 24, 2018, 66, 31.12);
insert into Coach (PersonID, TeamID, StartYear, NumOfGamesCoached, Wins_Losses_Percent) values (25, 25, 2009, 15, 32.87);
insert into Coach (PersonID, TeamID, StartYear, NumOfGamesCoached, Wins_Losses_Percent) values (26, 26, 1999, 58, 82.59);
insert into Coach (PersonID, TeamID, StartYear, NumOfGamesCoached, Wins_Losses_Percent) values (27, 27, 2009, 35, 29.14);
insert into Coach (PersonID, TeamID, StartYear, NumOfGamesCoached, Wins_Losses_Percent) values (28, 28, 1996, 45, 69.65);
insert into Coach (PersonID, TeamID, StartYear, NumOfGamesCoached, Wins_Losses_Percent) values (29, 29, 2008, 26, 32.23);
insert into Coach (PersonID, TeamID, StartYear, NumOfGamesCoached, Wins_Losses_Percent) values (30, 30, 2012, 22, 61.57);
insert into Coach (PersonID, TeamID, StartYear, NumOfGamesCoached, Wins_Losses_Percent) values (31, 31, 2016, 35, 81.92);
insert into Coach (PersonID, TeamID, StartYear, NumOfGamesCoached, Wins_Losses_Percent) values (32, 32, 2008, 46, 25.21);
insert into Coach (PersonID, TeamID, StartYear, NumOfGamesCoached, Wins_Losses_Percent) values (33, 33, 2002, 61, 40.01);
insert into Coach (PersonID, TeamID, StartYear, NumOfGamesCoached, Wins_Losses_Percent) values (34, 34, 2006, 63, 40.36);
insert into Coach (PersonID, TeamID, StartYear, NumOfGamesCoached, Wins_Losses_Percent) values (35, 35, 1995, 73, 41.62);
insert into Coach (PersonID, TeamID, StartYear, NumOfGamesCoached, Wins_Losses_Percent) values (36, 36, 2023, 58, 90.28);
insert into Coach (PersonID, TeamID, StartYear, NumOfGamesCoached, Wins_Losses_Percent) values (37, 37, 2002, 72, 42.26);
insert into Coach (PersonID, TeamID, StartYear, NumOfGamesCoached, Wins_Losses_Percent) values (38, 38, 1998, 26, 58.21);
insert into Coach (PersonID, TeamID, StartYear, NumOfGamesCoached, Wins_Losses_Percent) values (39, 39, 2016, 68, 98.59);
insert into Coach (PersonID, TeamID, StartYear, NumOfGamesCoached, Wins_Losses_Percent) values (40, 40, 2002, 72, 95.21);
insert into Coach (PersonID, TeamID, StartYear, NumOfGamesCoached, Wins_Losses_Percent) values (41, 41, 2010, 16, 66.8);
insert into Coach (PersonID, TeamID, StartYear, NumOfGamesCoached, Wins_Losses_Percent) values (42, 42, 2012, 26, 68.26);
insert into Coach (PersonID, TeamID, StartYear, NumOfGamesCoached, Wins_Losses_Percent) values (43, 43, 1995, 24, 50.57);
insert into Coach (PersonID, TeamID, StartYear, NumOfGamesCoached, Wins_Losses_Percent) values (44, 44, 1998, 68, 59.67);
insert into Coach (PersonID, TeamID, StartYear, NumOfGamesCoached, Wins_Losses_Percent) values (45, 45, 2019, 23, 30.63);
insert into Coach (PersonID, TeamID, StartYear, NumOfGamesCoached, Wins_Losses_Percent) values (46, 46, 1998, 39, 78.23);
insert into Coach (PersonID, TeamID, StartYear, NumOfGamesCoached, Wins_Losses_Percent) values (47, 47, 1995, 71, 49.15);
insert into Coach (PersonID, TeamID, StartYear, NumOfGamesCoached, Wins_Losses_Percent) values (48, 48, 2001, 63, 70.31);
insert into Coach (PersonID, TeamID, StartYear, NumOfGamesCoached, Wins_Losses_Percent) values (49, 49, 2013, 58, 92.45);
insert into Coach (PersonID, TeamID, StartYear, NumOfGamesCoached, Wins_Losses_Percent) values (50, 50, 2000, 24, 91.9);
insert into Coach (PersonID, TeamID, StartYear, NumOfGamesCoached, Wins_Losses_Percent) values (51, 51, 2008, 41, 80.7);
insert into Coach (PersonID, TeamID, StartYear, NumOfGamesCoached, Wins_Losses_Percent) values (52, 52, 2015, 57, 53.8);
insert into Coach (PersonID, TeamID, StartYear, NumOfGamesCoached, Wins_Losses_Percent) values (53, 53, 2008, 37, 81.69);
insert into Coach (PersonID, TeamID, StartYear, NumOfGamesCoached, Wins_Losses_Percent) values (54, 54, 2006, 59, 87.95);
insert into Coach (PersonID, TeamID, StartYear, NumOfGamesCoached, Wins_Losses_Percent) values (55, 55, 2014, 35, 32.43);
insert into Coach (PersonID, TeamID, StartYear, NumOfGamesCoached, Wins_Losses_Percent) values (56, 56, 2012, 23, 77.04);
insert into Coach (PersonID, TeamID, StartYear, NumOfGamesCoached, Wins_Losses_Percent) values (57, 57, 2006, 60, 85.04);
insert into Coach (PersonID, TeamID, StartYear, NumOfGamesCoached, Wins_Losses_Percent) values (58, 58, 1999, 24, 49.73);
insert into Coach (PersonID, TeamID, StartYear, NumOfGamesCoached, Wins_Losses_Percent) values (59, 59, 2015, 71, 62.83);
insert into Coach (PersonID, TeamID, StartYear, NumOfGamesCoached, Wins_Losses_Percent) values (60, 60, 2011, 56, 92.11);
insert into Coach (PersonID, TeamID, StartYear, NumOfGamesCoached, Wins_Losses_Percent) values (61, 61, 2008, 67, 36.07);
insert into Coach (PersonID, TeamID, StartYear, NumOfGamesCoached, Wins_Losses_Percent) values (62, 62, 2013, 39, 73.7);
insert into Coach (PersonID, TeamID, StartYear, NumOfGamesCoached, Wins_Losses_Percent) values (63, 63, 2011, 57, 82.65);
insert into Coach (PersonID, TeamID, StartYear, NumOfGamesCoached, Wins_Losses_Percent) values (64, 64, 2003, 30, 34.43);
insert into Coach (PersonID, TeamID, StartYear, NumOfGamesCoached, Wins_Losses_Percent) values (65, 65, 2009, 23, 34.75);
insert into Coach (PersonID, TeamID, StartYear, NumOfGamesCoached, Wins_Losses_Percent) values (66, 66, 2005, 63, 56.61);
insert into Coach (PersonID, TeamID, StartYear, NumOfGamesCoached, Wins_Losses_Percent) values (67, 67, 2007, 74, 60.11);
insert into Coach (PersonID, TeamID, StartYear, NumOfGamesCoached, Wins_Losses_Percent) values (68, 68, 1998, 22, 32.49);
insert into Coach (PersonID, TeamID, StartYear, NumOfGamesCoached, Wins_Losses_Percent) values (69, 69, 2012, 27, 29.83);
insert into Coach (PersonID, TeamID, StartYear, NumOfGamesCoached, Wins_Losses_Percent) values (70, 70, 2007, 36, 51.16);
insert into Coach (PersonID, TeamID, StartYear, NumOfGamesCoached, Wins_Losses_Percent) values (71, 71, 2012, 65, 67.89);
insert into Coach (PersonID, TeamID, StartYear, NumOfGamesCoached, Wins_Losses_Percent) values (72, 72, 2012, 43, 38.41);
insert into Coach (PersonID, TeamID, StartYear, NumOfGamesCoached, Wins_Losses_Percent) values (73, 73, 2010, 56, 79.8);
insert into Coach (PersonID, TeamID, StartYear, NumOfGamesCoached, Wins_Losses_Percent) values (74, 74, 1999, 25, 35.27);
insert into Coach (PersonID, TeamID, StartYear, NumOfGamesCoached, Wins_Losses_Percent) values (75, 75, 2008, 19, 85.84);
insert into Coach (PersonID, TeamID, StartYear, NumOfGamesCoached, Wins_Losses_Percent) values (76, 76, 2014, 70, 66.39);
insert into Coach (PersonID, TeamID, StartYear, NumOfGamesCoached, Wins_Losses_Percent) values (77, 77, 2016, 72, 86.65);
insert into Coach (PersonID, TeamID, StartYear, NumOfGamesCoached, Wins_Losses_Percent) values (78, 78, 2005, 67, 33.46);
insert into Coach (PersonID, TeamID, StartYear, NumOfGamesCoached, Wins_Losses_Percent) values (79, 79, 1998, 65, 46.71);
insert into Coach (PersonID, TeamID, StartYear, NumOfGamesCoached, Wins_Losses_Percent) values (80, 80, 1997, 24, 34.75);
insert into Coach (PersonID, TeamID, StartYear, NumOfGamesCoached, Wins_Losses_Percent) values (81, 81, 1995, 31, 85.54);
insert into Coach (PersonID, TeamID, StartYear, NumOfGamesCoached, Wins_Losses_Percent) values (82, 82, 2005, 59, 37.19);
insert into Coach (PersonID, TeamID, StartYear, NumOfGamesCoached, Wins_Losses_Percent) values (83, 83, 1999, 51, 27.61);
insert into Coach (PersonID, TeamID, StartYear, NumOfGamesCoached, Wins_Losses_Percent) values (84, 84, 2019, 55, 60.1);
insert into Coach (PersonID, TeamID, StartYear, NumOfGamesCoached, Wins_Losses_Percent) values (85, 85, 2007, 25, 84.01);
insert into Coach (PersonID, TeamID, StartYear, NumOfGamesCoached, Wins_Losses_Percent) values (86, 86, 2021, 48, 93.72);
insert into Coach (PersonID, TeamID, StartYear, NumOfGamesCoached, Wins_Losses_Percent) values (87, 87, 2020, 25, 32.49);
insert into Coach (PersonID, TeamID, StartYear, NumOfGamesCoached, Wins_Losses_Percent) values (88, 88, 2017, 32, 70.17);
insert into Coach (PersonID, TeamID, StartYear, NumOfGamesCoached, Wins_Losses_Percent) values (89, 89, 2014, 50, 37.9);
insert into Coach (PersonID, TeamID, StartYear, NumOfGamesCoached, Wins_Losses_Percent) values (90, 90, 2002, 47, 69.53);
insert into Coach (PersonID, TeamID, StartYear, NumOfGamesCoached, Wins_Losses_Percent) values (91, 91, 2019, 56, 65.55);
insert into Coach (PersonID, TeamID, StartYear, NumOfGamesCoached, Wins_Losses_Percent) values (92, 92, 2013, 47, 59.92);
insert into Coach (PersonID, TeamID, StartYear, NumOfGamesCoached, Wins_Losses_Percent) values (93, 93, 2001, 75, 76.66);
insert into Coach (PersonID, TeamID, StartYear, NumOfGamesCoached, Wins_Losses_Percent) values (94, 94, 2011, 17, 47.42);
insert into Coach (PersonID, TeamID, StartYear, NumOfGamesCoached, Wins_Losses_Percent) values (95, 95, 2006, 67, 65.0);
insert into Coach (PersonID, TeamID, StartYear, NumOfGamesCoached, Wins_Losses_Percent) values (96, 96, 2006, 19, 73.07);
insert into Coach (PersonID, TeamID, StartYear, NumOfGamesCoached, Wins_Losses_Percent) values (97, 97, 2019, 62, 52.51);
insert into Coach (PersonID, TeamID, StartYear, NumOfGamesCoached, Wins_Losses_Percent) values (98, 98, 2018, 59, 95.08);
insert into Coach (PersonID, TeamID, StartYear, NumOfGamesCoached, Wins_Losses_Percent) values (99, 99, 2002, 27, 37.56);
insert into Coach (PersonID, TeamID, StartYear, NumOfGamesCoached, Wins_Losses_Percent) values (100, 100, 2023, 20, 33.49);


-- Athlete Inserts

insert into Athlete (PersonID, Height, Weight, Player_Position) values (1, 5.7, 178.7, 'Small Forward');
insert into Athlete (PersonID, Height, Weight, Player_Position) values (2, 5.7, 140.9, 'Shooting Guard');
insert into Athlete (PersonID, Height, Weight, Player_Position) values (3, 6.8, 146.0, 'Shooting Guard');
insert into Athlete (PersonID, Height, Weight, Player_Position) values (4, 6.0, 175.7, 'Power Forward');
insert into Athlete (PersonID, Height, Weight, Player_Position) values (5, 6.7, 199.9, 'Small Forward');
insert into Athlete (PersonID, Height, Weight, Player_Position) values (6, 5.6, 132.8, 'Power Forward');
insert into Athlete (PersonID, Height, Weight, Player_Position) values (7, 5.6, 136.2, 'Small Forward');
insert into Athlete (PersonID, Height, Weight, Player_Position) values (8, 6.4, 178.3, 'Point Guard');
insert into Athlete (PersonID, Height, Weight, Player_Position) values (9, 5.7, 166.0, 'Shooting Guard');
insert into Athlete (PersonID, Height, Weight, Player_Position) values (10, 5.1, 139.7, 'Power Forward');
insert into Athlete (PersonID, Height, Weight, Player_Position) values (11, 5.3, 209.5, 'Small Forward');
insert into Athlete (PersonID, Height, Weight, Player_Position) values (12, 5.3, 182.1, 'Center');
insert into Athlete (PersonID, Height, Weight, Player_Position) values (13, 6.7, 144.4, 'Shooting Guard');
insert into Athlete (PersonID, Height, Weight, Player_Position) values (14, 5.5, 208.2, 'Power Forward');
insert into Athlete (PersonID, Height, Weight, Player_Position) values (15, 6.2, 125.4, 'Shooting Guard');
insert into Athlete (PersonID, Height, Weight, Player_Position) values (16, 6.2, 134.2, 'Power Forward');
insert into Athlete (PersonID, Height, Weight, Player_Position) values (17, 5.7, 199.0, 'Center');
insert into Athlete (PersonID, Height, Weight, Player_Position) values (18, 5.6, 144.9, 'Center');
insert into Athlete (PersonID, Height, Weight, Player_Position) values (19, 5.8, 133.6, 'Small Forward');
insert into Athlete (PersonID, Height, Weight, Player_Position) values (20, 5.3, 141.1, 'Point Guard');
insert into Athlete (PersonID, Height, Weight, Player_Position) values (21, 6.2, 152.0, 'Small Forward');
insert into Athlete (PersonID, Height, Weight, Player_Position) values (22, 6.6, 203.9, 'Point Guard');
insert into Athlete (PersonID, Height, Weight, Player_Position) values (23, 6.9, 158.1, 'Power Forward');
insert into Athlete (PersonID, Height, Weight, Player_Position) values (24, 6.2, 183.1, 'Center');
insert into Athlete (PersonID, Height, Weight, Player_Position) values (25, 5.5, 146.3, 'Shooting Guard');
insert into Athlete (PersonID, Height, Weight, Player_Position) values (26, 5.9, 172.7, 'Power Forward');
insert into Athlete (PersonID, Height, Weight, Player_Position) values (27, 6.0, 196.2, 'Power Forward');
insert into Athlete (PersonID, Height, Weight, Player_Position) values (28, 5.4, 160.4, 'Small Forward');
insert into Athlete (PersonID, Height, Weight, Player_Position) values (29, 5.1, 125.4, 'Center');
insert into Athlete (PersonID, Height, Weight, Player_Position) values (30, 6.6, 185.3, 'Center');
insert into Athlete (PersonID, Height, Weight, Player_Position) values (31, 5.9, 170.8, 'Small Forward');
insert into Athlete (PersonID, Height, Weight, Player_Position) values (32, 5.5, 134.1, 'Shooting Guard');
insert into Athlete (PersonID, Height, Weight, Player_Position) values (33, 5.8, 198.5, 'Power Forward');
insert into Athlete (PersonID, Height, Weight, Player_Position) values (34, 6.2, 131.3, 'Shooting Guard');
insert into Athlete (PersonID, Height, Weight, Player_Position) values (35, 5.9, 162.1, 'Power Forward');
insert into Athlete (PersonID, Height, Weight, Player_Position) values (36, 6.9, 200.3, 'Shooting Guard');
insert into Athlete (PersonID, Height, Weight, Player_Position) values (37, 5.8, 174.9, 'Small Forward');
insert into Athlete (PersonID, Height, Weight, Player_Position) values (38, 5.8, 125.7, 'Small Forward');
insert into Athlete (PersonID, Height, Weight, Player_Position) values (39, 6.8, 178.1, 'Small Forward');
insert into Athlete (PersonID, Height, Weight, Player_Position) values (40, 5.2, 140.3, 'Center');
insert into Athlete (PersonID, Height, Weight, Player_Position) values (41, 5.7, 209.9, 'Shooting Guard');
insert into Athlete (PersonID, Height, Weight, Player_Position) values (42, 5.1, 200.1, 'Point Guard');
insert into Athlete (PersonID, Height, Weight, Player_Position) values (43, 6.5, 208.4, 'Center');
insert into Athlete (PersonID, Height, Weight, Player_Position) values (44, 5.3, 202.7, 'Small Forward');
insert into Athlete (PersonID, Height, Weight, Player_Position) values (45, 6.7, 197.6, 'Center');
insert into Athlete (PersonID, Height, Weight, Player_Position) values (46, 6.5, 155.0, 'Power Forward');
insert into Athlete (PersonID, Height, Weight, Player_Position) values (47, 6.8, 153.3, 'Center');
insert into Athlete (PersonID, Height, Weight, Player_Position) values (48, 6.2, 167.2, 'Small Forward');
insert into Athlete (PersonID, Height, Weight, Player_Position) values (49, 6.7, 190.1, 'Power Forward');
insert into Athlete (PersonID, Height, Weight, Player_Position) values (50, 6.3, 138.1, 'Power Forward');
insert into Athlete (PersonID, Height, Weight, Player_Position) values (51, 6.0, 183.8, 'Center');
insert into Athlete (PersonID, Height, Weight, Player_Position) values (52, 6.0, 203.5, 'Small Forward');
insert into Athlete (PersonID, Height, Weight, Player_Position) values (53, 6.8, 186.2, 'Point Guard');
insert into Athlete (PersonID, Height, Weight, Player_Position) values (54, 5.3, 149.3, 'Point Guard');
insert into Athlete (PersonID, Height, Weight, Player_Position) values (55, 7.0, 187.1, 'Shooting Guard');
insert into Athlete (PersonID, Height, Weight, Player_Position) values (56, 5.2, 178.7, 'Center');
insert into Athlete (PersonID, Height, Weight, Player_Position) values (57, 5.0, 139.8, 'Center');
insert into Athlete (PersonID, Height, Weight, Player_Position) values (58, 6.5, 172.3, 'Point Guard');
insert into Athlete (PersonID, Height, Weight, Player_Position) values (59, 6.1, 128.7, 'Small Forward');
insert into Athlete (PersonID, Height, Weight, Player_Position) values (60, 7.0, 146.8, 'Center');
insert into Athlete (PersonID, Height, Weight, Player_Position) values (61, 5.3, 209.9, 'Point Guard');
insert into Athlete (PersonID, Height, Weight, Player_Position) values (62, 5.2, 183.8, 'Power Forward');
insert into Athlete (PersonID, Height, Weight, Player_Position) values (63, 6.9, 150.9, 'Small Forward');
insert into Athlete (PersonID, Height, Weight, Player_Position) values (64, 6.8, 208.2, 'Shooting Guard');
insert into Athlete (PersonID, Height, Weight, Player_Position) values (65, 6.5, 200.2, 'Point Guard');
insert into Athlete (PersonID, Height, Weight, Player_Position) values (66, 6.4, 143.0, 'Shooting Guard');
insert into Athlete (PersonID, Height, Weight, Player_Position) values (67, 5.8, 129.0, 'Power Forward');
insert into Athlete (PersonID, Height, Weight, Player_Position) values (68, 6.3, 204.4, 'Small Forward');
insert into Athlete (PersonID, Height, Weight, Player_Position) values (69, 5.3, 186.5, 'Shooting Guard');
insert into Athlete (PersonID, Height, Weight, Player_Position) values (70, 6.7, 133.7, 'Power Forward');
insert into Athlete (PersonID, Height, Weight, Player_Position) values (71, 5.8, 138.3, 'Center');
insert into Athlete (PersonID, Height, Weight, Player_Position) values (72, 5.9, 175.8, 'Shooting Guard');
insert into Athlete (PersonID, Height, Weight, Player_Position) values (73, 5.8, 201.6, 'Center');
insert into Athlete (PersonID, Height, Weight, Player_Position) values (74, 6.4, 183.6, 'Small Forward');
insert into Athlete (PersonID, Height, Weight, Player_Position) values (75, 7.0, 174.5, 'Power Forward');
insert into Athlete (PersonID, Height, Weight, Player_Position) values (76, 6.6, 145.8, 'Center');
insert into Athlete (PersonID, Height, Weight, Player_Position) values (77, 6.7, 144.8, 'Center');
insert into Athlete (PersonID, Height, Weight, Player_Position) values (78, 5.8, 177.1, 'Point Guard');
insert into Athlete (PersonID, Height, Weight, Player_Position) values (79, 5.7, 207.6, 'Small Forward');
insert into Athlete (PersonID, Height, Weight, Player_Position) values (80, 6.8, 133.3, 'Small Forward');
insert into Athlete (PersonID, Height, Weight, Player_Position) values (81, 6.0, 209.4, 'Shooting Guard');
insert into Athlete (PersonID, Height, Weight, Player_Position) values (82, 6.6, 198.5, 'Point Guard');
insert into Athlete (PersonID, Height, Weight, Player_Position) values (83, 6.9, 159.1, 'Small Forward');
insert into Athlete (PersonID, Height, Weight, Player_Position) values (84, 5.7, 165.9, 'Small Forward');
insert into Athlete (PersonID, Height, Weight, Player_Position) values (85, 6.3, 185.9, 'Point Guard');
insert into Athlete (PersonID, Height, Weight, Player_Position) values (86, 5.1, 126.0, 'Power Forward');
insert into Athlete (PersonID, Height, Weight, Player_Position) values (87, 6.1, 171.8, 'Power Forward');
insert into Athlete (PersonID, Height, Weight, Player_Position) values (88, 6.4, 156.8, 'Power Forward');
insert into Athlete (PersonID, Height, Weight, Player_Position) values (89, 6.2, 191.1, 'Center');
insert into Athlete (PersonID, Height, Weight, Player_Position) values (90, 6.5, 143.9, 'Point Guard');
insert into Athlete (PersonID, Height, Weight, Player_Position) values (91, 6.5, 147.4, 'Small Forward');
insert into Athlete (PersonID, Height, Weight, Player_Position) values (92, 6.9, 153.1, 'Shooting Guard');
insert into Athlete (PersonID, Height, Weight, Player_Position) values (93, 7.0, 143.8, 'Small Forward');
insert into Athlete (PersonID, Height, Weight, Player_Position) values (94, 5.4, 199.2, 'Small Forward');
insert into Athlete (PersonID, Height, Weight, Player_Position) values (95, 5.9, 136.5, 'Shooting Guard');
insert into Athlete (PersonID, Height, Weight, Player_Position) values (96, 6.0, 206.3, 'Small Forward');
insert into Athlete (PersonID, Height, Weight, Player_Position) values (97, 5.3, 206.8, 'Power Forward');
insert into Athlete (PersonID, Height, Weight, Player_Position) values (98, 5.6, 194.3, 'Shooting Guard');
insert into Athlete (PersonID, Height, Weight, Player_Position) values (99, 6.8, 195.9, 'Power Forward');
insert into Athlete (PersonID, Height, Weight, Player_Position) values (100, 6.5, 205.9, 'Power Forward');


-- Employee Inserts
insert into Employee (PersonID, Salary) values (1, 462626.91);
insert into Employee (PersonID, Salary) values (2, 32590.83);
insert into Employee (PersonID, Salary) values (3, 408194.0);
insert into Employee (PersonID, Salary) values (4, 212785.22);
insert into Employee (PersonID, Salary) values (5, 273033.37);
insert into Employee (PersonID, Salary) values (6, 96932.51);
insert into Employee (PersonID, Salary) values (7, 290208.43);
insert into Employee (PersonID, Salary) values (8, 136768.92);
insert into Employee (PersonID, Salary) values (9, 124297.28);
insert into Employee (PersonID, Salary) values (10, 462785.34);
insert into Employee (PersonID, Salary) values (11, 462088.29);
insert into Employee (PersonID, Salary) values (12, 477231.15);
insert into Employee (PersonID, Salary) values (13, 350429.01);
insert into Employee (PersonID, Salary) values (14, 17393.1);
insert into Employee (PersonID, Salary) values (15, 320985.66);
insert into Employee (PersonID, Salary) values (16, 416748.9);
insert into Employee (PersonID, Salary) values (17, 212311.54);
insert into Employee (PersonID, Salary) values (18, 431480.0);
insert into Employee (PersonID, Salary) values (19, 68582.46);
insert into Employee (PersonID, Salary) values (20, 428204.37);
insert into Employee (PersonID, Salary) values (21, 56951.26);
insert into Employee (PersonID, Salary) values (22, 134594.71);
insert into Employee (PersonID, Salary) values (23, 191567.78);
insert into Employee (PersonID, Salary) values (24, 233031.69);
insert into Employee (PersonID, Salary) values (25, 11725.04);
insert into Employee (PersonID, Salary) values (26, 178704.73);
insert into Employee (PersonID, Salary) values (27, 271179.87);
insert into Employee (PersonID, Salary) values (28, 477521.0);
insert into Employee (PersonID, Salary) values (29, 31887.95);
insert into Employee (PersonID, Salary) values (30, 114927.56);
insert into Employee (PersonID, Salary) values (31, 290201.87);
insert into Employee (PersonID, Salary) values (32, 481078.54);
insert into Employee (PersonID, Salary) values (33, 491163.15);
insert into Employee (PersonID, Salary) values (34, 80624.47);
insert into Employee (PersonID, Salary) values (35, 258502.16);
insert into Employee (PersonID, Salary) values (36, 353959.85);
insert into Employee (PersonID, Salary) values (37, 379431.89);
insert into Employee (PersonID, Salary) values (38, 46820.65);
insert into Employee (PersonID, Salary) values (39, 337920.16);
insert into Employee (PersonID, Salary) values (40, 36803.08);
insert into Employee (PersonID, Salary) values (41, 303969.4);
insert into Employee (PersonID, Salary) values (42, 53617.49);
insert into Employee (PersonID, Salary) values (43, 312889.68);
insert into Employee (PersonID, Salary) values (44, 335895.0);
insert into Employee (PersonID, Salary) values (45, 334008.94);
insert into Employee (PersonID, Salary) values (46, 402947.27);
insert into Employee (PersonID, Salary) values (47, 361963.35);
insert into Employee (PersonID, Salary) values (48, 149126.64);
insert into Employee (PersonID, Salary) values (49, 462339.58);
insert into Employee (PersonID, Salary) values (50, 173427.24);
insert into Employee (PersonID, Salary) values (51, 425653.44);
insert into Employee (PersonID, Salary) values (52, 350829.48);
insert into Employee (PersonID, Salary) values (53, 355002.04);
insert into Employee (PersonID, Salary) values (54, 300701.85);
insert into Employee (PersonID, Salary) values (55, 167333.16);
insert into Employee (PersonID, Salary) values (56, 350539.89);
insert into Employee (PersonID, Salary) values (57, 377504.05);
insert into Employee (PersonID, Salary) values (58, 291429.58);
insert into Employee (PersonID, Salary) values (59, 373848.22);
insert into Employee (PersonID, Salary) values (60, 113303.32);
insert into Employee (PersonID, Salary) values (61, 45414.59);
insert into Employee (PersonID, Salary) values (62, 444187.3);
insert into Employee (PersonID, Salary) values (63, 219802.84);
insert into Employee (PersonID, Salary) values (64, 310291.29);
insert into Employee (PersonID, Salary) values (65, 108044.42);
insert into Employee (PersonID, Salary) values (66, 71535.89);
insert into Employee (PersonID, Salary) values (67, 21565.4);
insert into Employee (PersonID, Salary) values (68, 208584.41);
insert into Employee (PersonID, Salary) values (69, 14962.1);
insert into Employee (PersonID, Salary) values (70, 336437.44);
insert into Employee (PersonID, Salary) values (71, 19564.47);
insert into Employee (PersonID, Salary) values (72, 331529.23);
insert into Employee (PersonID, Salary) values (73, 124389.92);
insert into Employee (PersonID, Salary) values (74, 156197.78);
insert into Employee (PersonID, Salary) values (75, 481220.7);
insert into Employee (PersonID, Salary) values (76, 478598.76);
insert into Employee (PersonID, Salary) values (77, 222986.69);
insert into Employee (PersonID, Salary) values (78, 218570.81);
insert into Employee (PersonID, Salary) values (79, 405078.85);
insert into Employee (PersonID, Salary) values (80, 248408.57);
insert into Employee (PersonID, Salary) values (81, 490671.29);
insert into Employee (PersonID, Salary) values (82, 490211.59);
insert into Employee (PersonID, Salary) values (83, 280146.15);
insert into Employee (PersonID, Salary) values (84, 292259.27);
insert into Employee (PersonID, Salary) values (85, 311748.38);
insert into Employee (PersonID, Salary) values (86, 352765.1);
insert into Employee (PersonID, Salary) values (87, 151250.63);
insert into Employee (PersonID, Salary) values (88, 298226.74);
insert into Employee (PersonID, Salary) values (89, 464934.63);
insert into Employee (PersonID, Salary) values (90, 83560.29);
insert into Employee (PersonID, Salary) values (91, 425086.3);
insert into Employee (PersonID, Salary) values (92, 433574.0);
insert into Employee (PersonID, Salary) values (93, 250921.95);
insert into Employee (PersonID, Salary) values (94, 336503.62);
insert into Employee (PersonID, Salary) values (95, 396843.81);
insert into Employee (PersonID, Salary) values (96, 78662.07);
insert into Employee (PersonID, Salary) values (97, 356578.72);
insert into Employee (PersonID, Salary) values (98, 485352.35);
insert into Employee (PersonID, Salary) values (99, 379310.63);
insert into Employee (PersonID, Salary) values (100, 438390.08);

-- BasketballEvent Inserts

insert into Basketball_Event (EventID, TeamID, HomeTeamID, AwayTeamID, EventTime, EventLocation, EventDate, EventTicketPrice) values (1, 1, 1, 1, '18:41:21', 'Sezimovo Ústí', '2022-05-04', 584.51);
insert into Basketball_Event (EventID, TeamID, HomeTeamID, AwayTeamID, EventTime, EventLocation, EventDate, EventTicketPrice) values (2, 2, 2, 2, '23:37:10', 'Sypniewo', '2022-06-25', 976.37);
insert into Basketball_Event (EventID, TeamID, HomeTeamID, AwayTeamID, EventTime, EventLocation, EventDate, EventTicketPrice) values (3, 3, 3, 3, '19:56:20', 'Dongtucheng', '2022-02-25', 301.61);
insert into Basketball_Event (EventID, TeamID, HomeTeamID, AwayTeamID, EventTime, EventLocation, EventDate, EventTicketPrice) values (4, 4, 4, 4, '20:22:44', 'Passos', '2022-06-16', 237.14);
insert into Basketball_Event (EventID, TeamID, HomeTeamID, AwayTeamID, EventTime, EventLocation, EventDate, EventTicketPrice) values (5, 5, 5, 5, '13:38:25', 'Boden', '2022-05-07', 55.45);
insert into Basketball_Event (EventID, TeamID, HomeTeamID, AwayTeamID, EventTime, EventLocation, EventDate, EventTicketPrice) values (6, 6, 6, 6, '16:56:20', 'Kuštilj', '2022-02-02', 896.25);
insert into Basketball_Event (EventID, TeamID, HomeTeamID, AwayTeamID, EventTime, EventLocation, EventDate, EventTicketPrice) values (7, 7, 7, 7, '16:51:55', 'Llorente', '2022-12-01', 138.71);
insert into Basketball_Event (EventID, TeamID, HomeTeamID, AwayTeamID, EventTime, EventLocation, EventDate, EventTicketPrice) values (8, 8, 8, 8, '13:54:18', 'Lefkímmi', '2022-11-02', 550.7);
insert into Basketball_Event (EventID, TeamID, HomeTeamID, AwayTeamID, EventTime, EventLocation, EventDate, EventTicketPrice) values (9, 9, 9, 9, '13:40:22', 'Tororo', '2022-07-18', 464.29);
insert into Basketball_Event (EventID, TeamID, HomeTeamID, AwayTeamID, EventTime, EventLocation, EventDate, EventTicketPrice) values (10, 10, 10, 10, '19:36:04', 'New Orleans', '2022-09-03', 779.85);
insert into Basketball_Event (EventID, TeamID, HomeTeamID, AwayTeamID, EventTime, EventLocation, EventDate, EventTicketPrice) values (11, 11, 11, 11, '16:27:31', 'Yartsevo', '2022-05-26', 173.18);
insert into Basketball_Event (EventID, TeamID, HomeTeamID, AwayTeamID, EventTime, EventLocation, EventDate, EventTicketPrice) values (12, 12, 12, 12, '14:16:03', 'Lobos', '2022-02-27', 609.19);
insert into Basketball_Event (EventID, TeamID, HomeTeamID, AwayTeamID, EventTime, EventLocation, EventDate, EventTicketPrice) values (13, 13, 13, 13, '21:16:46', 'Anhua', '2022-03-07', 301.68);
insert into Basketball_Event (EventID, TeamID, HomeTeamID, AwayTeamID, EventTime, EventLocation, EventDate, EventTicketPrice) values (14, 14, 14, 14, '14:23:20', 'Balneário Camboriú', '2022-09-07', 384.92);
insert into Basketball_Event (EventID, TeamID, HomeTeamID, AwayTeamID, EventTime, EventLocation, EventDate, EventTicketPrice) values (15, 15, 15, 15, '16:23:57', 'El Fasher', '2022-05-15', 322.18);
insert into Basketball_Event (EventID, TeamID, HomeTeamID, AwayTeamID, EventTime, EventLocation, EventDate, EventTicketPrice) values (16, 16, 16, 16, '13:08:51', 'San Pedro Sacatepéquez', '2022-04-02', 449.98);
insert into Basketball_Event (EventID, TeamID, HomeTeamID, AwayTeamID, EventTime, EventLocation, EventDate, EventTicketPrice) values (17, 17, 17, 17, '18:47:36', 'Pampa Hermosa', '2022-06-02', 894.29);
insert into Basketball_Event (EventID, TeamID, HomeTeamID, AwayTeamID, EventTime, EventLocation, EventDate, EventTicketPrice) values (18, 18, 18, 18, '17:52:13', 'Lâm Thao', '2022-07-05', 618.41);
insert into Basketball_Event (EventID, TeamID, HomeTeamID, AwayTeamID, EventTime, EventLocation, EventDate, EventTicketPrice) values (19, 19, 19, 19, '23:15:24', 'Jindui', '2022-03-05', 748.29);
insert into Basketball_Event (EventID, TeamID, HomeTeamID, AwayTeamID, EventTime, EventLocation, EventDate, EventTicketPrice) values (20, 20, 20, 20, '16:46:11', 'Qianyou', '2022-09-21', 740.19);
insert into Basketball_Event (EventID, TeamID, HomeTeamID, AwayTeamID, EventTime, EventLocation, EventDate, EventTicketPrice) values (21, 21, 21, 21, '21:15:20', 'Menongue', '2022-10-10', 816.34);
insert into Basketball_Event (EventID, TeamID, HomeTeamID, AwayTeamID, EventTime, EventLocation, EventDate, EventTicketPrice) values (22, 22, 22, 22, '16:34:46', 'San Juan Nepomuceno', '2022-11-16', 689.9);
insert into Basketball_Event (EventID, TeamID, HomeTeamID, AwayTeamID, EventTime, EventLocation, EventDate, EventTicketPrice) values (23, 23, 23, 23, '17:01:09', 'Famões', '2022-09-14', 99.78);
insert into Basketball_Event (EventID, TeamID, HomeTeamID, AwayTeamID, EventTime, EventLocation, EventDate, EventTicketPrice) values (24, 24, 24, 24, '21:01:08', 'Afaahiti', '2022-04-09', 714.82);
insert into Basketball_Event (EventID, TeamID, HomeTeamID, AwayTeamID, EventTime, EventLocation, EventDate, EventTicketPrice) values (25, 25, 25, 25, '20:16:31', 'Khorol', '2021-12-22', 194.99);
insert into Basketball_Event (EventID, TeamID, HomeTeamID, AwayTeamID, EventTime, EventLocation, EventDate, EventTicketPrice) values (26, 26, 26, 26, '13:53:37', 'Houbai', '2022-01-14', 667.76);
insert into Basketball_Event (EventID, TeamID, HomeTeamID, AwayTeamID, EventTime, EventLocation, EventDate, EventTicketPrice) values (27, 27, 27, 27, '16:56:26', 'Ambato Boeny', '2022-08-23', 96.96);
insert into Basketball_Event (EventID, TeamID, HomeTeamID, AwayTeamID, EventTime, EventLocation, EventDate, EventTicketPrice) values (28, 28, 28, 28, '14:20:54', 'Fāmenīn', '2022-05-04', 502.55);
insert into Basketball_Event (EventID, TeamID, HomeTeamID, AwayTeamID, EventTime, EventLocation, EventDate, EventTicketPrice) values (29, 29, 29, 29, '16:12:52', 'Karangmelok', '2022-08-13', 851.52);
insert into Basketball_Event (EventID, TeamID, HomeTeamID, AwayTeamID, EventTime, EventLocation, EventDate, EventTicketPrice) values (30, 30, 30, 30, '23:23:59', 'Trudovoye', '2022-08-21', 210.82);
insert into Basketball_Event (EventID, TeamID, HomeTeamID, AwayTeamID, EventTime, EventLocation, EventDate, EventTicketPrice) values (31, 31, 31, 31, '18:36:36', 'Arras', '2022-03-06', 732.41);
insert into Basketball_Event (EventID, TeamID, HomeTeamID, AwayTeamID, EventTime, EventLocation, EventDate, EventTicketPrice) values (32, 32, 32, 32, '19:06:48', 'Zhangjiafang', '2022-02-20', 419.47);
insert into Basketball_Event (EventID, TeamID, HomeTeamID, AwayTeamID, EventTime, EventLocation, EventDate, EventTicketPrice) values (33, 33, 33, 33, '12:26:59', 'Marmande', '2022-06-20', 479.75);
insert into Basketball_Event (EventID, TeamID, HomeTeamID, AwayTeamID, EventTime, EventLocation, EventDate, EventTicketPrice) values (34, 34, 34, 34, '18:55:52', 'Nova Iguaçu', '2022-11-03', 148.71);
insert into Basketball_Event (EventID, TeamID, HomeTeamID, AwayTeamID, EventTime, EventLocation, EventDate, EventTicketPrice) values (35, 35, 35, 35, '15:18:09', 'Magay', '2022-09-26', 567.51);
insert into Basketball_Event (EventID, TeamID, HomeTeamID, AwayTeamID, EventTime, EventLocation, EventDate, EventTicketPrice) values (36, 36, 36, 36, '15:36:40', 'Malitubog', '2022-01-07', 399.44);
insert into Basketball_Event (EventID, TeamID, HomeTeamID, AwayTeamID, EventTime, EventLocation, EventDate, EventTicketPrice) values (37, 37, 37, 37, '18:51:30', 'Hoxtolgay', '2022-10-11', 539.92);
insert into Basketball_Event (EventID, TeamID, HomeTeamID, AwayTeamID, EventTime, EventLocation, EventDate, EventTicketPrice) values (38, 38, 38, 38, '19:50:36', 'Strizhi', '2022-09-27', 235.49);
insert into Basketball_Event (EventID, TeamID, HomeTeamID, AwayTeamID, EventTime, EventLocation, EventDate, EventTicketPrice) values (39, 39, 39, 39, '20:25:52', 'São Silvestre', '2022-07-09', 67.74);
insert into Basketball_Event (EventID, TeamID, HomeTeamID, AwayTeamID, EventTime, EventLocation, EventDate, EventTicketPrice) values (40, 40, 40, 40, '12:06:08', 'Kaka', '2022-08-31', 601.71);
insert into Basketball_Event (EventID, TeamID, HomeTeamID, AwayTeamID, EventTime, EventLocation, EventDate, EventTicketPrice) values (41, 41, 41, 41, '12:33:18', 'San Andres', '2022-11-16', 245.61);
insert into Basketball_Event (EventID, TeamID, HomeTeamID, AwayTeamID, EventTime, EventLocation, EventDate, EventTicketPrice) values (42, 42, 42, 42, '13:47:23', 'Pardubice', '2022-10-12', 659.86);
insert into Basketball_Event (EventID, TeamID, HomeTeamID, AwayTeamID, EventTime, EventLocation, EventDate, EventTicketPrice) values (43, 43, 43, 43, '19:03:36', 'Taboc', '2022-04-26', 760.35);
insert into Basketball_Event (EventID, TeamID, HomeTeamID, AwayTeamID, EventTime, EventLocation, EventDate, EventTicketPrice) values (44, 44, 44, 44, '22:50:06', 'Mílos', '2022-02-20', 318.66);
insert into Basketball_Event (EventID, TeamID, HomeTeamID, AwayTeamID, EventTime, EventLocation, EventDate, EventTicketPrice) values (45, 45, 45, 45, '18:39:35', 'Taunoa', '2022-01-16', 225.11);
insert into Basketball_Event (EventID, TeamID, HomeTeamID, AwayTeamID, EventTime, EventLocation, EventDate, EventTicketPrice) values (46, 46, 46, 46, '18:40:15', 'Zábřeh', '2022-01-02', 278.29);
insert into Basketball_Event (EventID, TeamID, HomeTeamID, AwayTeamID, EventTime, EventLocation, EventDate, EventTicketPrice) values (47, 47, 47, 47, '20:18:39', 'Yuen Long Kau Hui', '2022-06-13', 627.85);
insert into Basketball_Event (EventID, TeamID, HomeTeamID, AwayTeamID, EventTime, EventLocation, EventDate, EventTicketPrice) values (48, 48, 48, 48, '15:05:23', 'Gunung', '2022-05-04', 555.74);
insert into Basketball_Event (EventID, TeamID, HomeTeamID, AwayTeamID, EventTime, EventLocation, EventDate, EventTicketPrice) values (49, 49, 49, 49, '17:17:58', 'Al Ḩayfah', '2022-03-20', 717.76);
insert into Basketball_Event (EventID, TeamID, HomeTeamID, AwayTeamID, EventTime, EventLocation, EventDate, EventTicketPrice) values (50, 50, 50, 50, '16:54:55', 'Beizhuang', '2022-11-19', 752.79);
insert into Basketball_Event (EventID, TeamID, HomeTeamID, AwayTeamID, EventTime, EventLocation, EventDate, EventTicketPrice) values (51, 51, 51, 51, '19:03:11', 'Barice', '2022-06-20', 951.72);
insert into Basketball_Event (EventID, TeamID, HomeTeamID, AwayTeamID, EventTime, EventLocation, EventDate, EventTicketPrice) values (52, 52, 52, 52, '16:56:15', 'Bosanski Brod', '2022-10-04', 486.29);
insert into Basketball_Event (EventID, TeamID, HomeTeamID, AwayTeamID, EventTime, EventLocation, EventDate, EventTicketPrice) values (53, 53, 53, 53, '23:45:14', 'Getung', '2022-03-12', 959.96);
insert into Basketball_Event (EventID, TeamID, HomeTeamID, AwayTeamID, EventTime, EventLocation, EventDate, EventTicketPrice) values (54, 54, 54, 54, '15:50:16', 'Pulangbato', '2022-02-25', 82.26);
insert into Basketball_Event (EventID, TeamID, HomeTeamID, AwayTeamID, EventTime, EventLocation, EventDate, EventTicketPrice) values (55, 55, 55, 55, '21:58:19', 'Junzhuang', '2022-06-18', 984.87);
insert into Basketball_Event (EventID, TeamID, HomeTeamID, AwayTeamID, EventTime, EventLocation, EventDate, EventTicketPrice) values (56, 56, 56, 56, '19:12:44', 'Peddie', '2022-01-25', 220.52);
insert into Basketball_Event (EventID, TeamID, HomeTeamID, AwayTeamID, EventTime, EventLocation, EventDate, EventTicketPrice) values (57, 57, 57, 57, '17:50:38', 'Manglid', '2022-09-26', 562.77);
insert into Basketball_Event (EventID, TeamID, HomeTeamID, AwayTeamID, EventTime, EventLocation, EventDate, EventTicketPrice) values (58, 58, 58, 58, '22:46:39', 'Montrouge', '2022-03-30', 212.43);
insert into Basketball_Event (EventID, TeamID, HomeTeamID, AwayTeamID, EventTime, EventLocation, EventDate, EventTicketPrice) values (59, 59, 59, 59, '13:00:40', 'Stráž', '2022-02-11', 243.79);
insert into Basketball_Event (EventID, TeamID, HomeTeamID, AwayTeamID, EventTime, EventLocation, EventDate, EventTicketPrice) values (60, 60, 60, 60, '23:02:45', 'Nong Bun Nak', '2022-04-04', 659.81);
insert into Basketball_Event (EventID, TeamID, HomeTeamID, AwayTeamID, EventTime, EventLocation, EventDate, EventTicketPrice) values (61, 61, 61, 61, '22:10:30', 'Logroño', '2022-06-07', 242.83);
insert into Basketball_Event (EventID, TeamID, HomeTeamID, AwayTeamID, EventTime, EventLocation, EventDate, EventTicketPrice) values (62, 62, 62, 62, '22:47:57', 'Masaling', '2022-02-23', 559.77);
insert into Basketball_Event (EventID, TeamID, HomeTeamID, AwayTeamID, EventTime, EventLocation, EventDate, EventTicketPrice) values (63, 63, 63, 63, '21:55:54', 'Uchaly', '2022-06-11', 810.45);
insert into Basketball_Event (EventID, TeamID, HomeTeamID, AwayTeamID, EventTime, EventLocation, EventDate, EventTicketPrice) values (64, 64, 64, 64, '18:59:14', 'Fulu', '2022-06-22', 461.95);
insert into Basketball_Event (EventID, TeamID, HomeTeamID, AwayTeamID, EventTime, EventLocation, EventDate, EventTicketPrice) values (65, 65, 65, 65, '15:09:10', 'Waitara', '2021-12-13', 775.67);
insert into Basketball_Event (EventID, TeamID, HomeTeamID, AwayTeamID, EventTime, EventLocation, EventDate, EventTicketPrice) values (66, 66, 66, 66, '12:46:46', 'Wangyi Zhendian', '2022-01-21', 705.21);
insert into Basketball_Event (EventID, TeamID, HomeTeamID, AwayTeamID, EventTime, EventLocation, EventDate, EventTicketPrice) values (67, 67, 67, 67, '17:20:54', 'Burqah', '2022-03-12', 201.28);
insert into Basketball_Event (EventID, TeamID, HomeTeamID, AwayTeamID, EventTime, EventLocation, EventDate, EventTicketPrice) values (68, 68, 68, 68, '22:48:43', 'Tras Cerros', '2022-11-22', 921.64);
insert into Basketball_Event (EventID, TeamID, HomeTeamID, AwayTeamID, EventTime, EventLocation, EventDate, EventTicketPrice) values (69, 69, 69, 69, '20:05:27', 'Dobrica', '2022-08-10', 830.15);
insert into Basketball_Event (EventID, TeamID, HomeTeamID, AwayTeamID, EventTime, EventLocation, EventDate, EventTicketPrice) values (70, 70, 70, 70, '14:33:37', 'Gudong', '2022-01-18', 138.4);
insert into Basketball_Event (EventID, TeamID, HomeTeamID, AwayTeamID, EventTime, EventLocation, EventDate, EventTicketPrice) values (71, 71, 71, 71, '23:06:24', 'Shenwan', '2022-10-03', 380.67);
insert into Basketball_Event (EventID, TeamID, HomeTeamID, AwayTeamID, EventTime, EventLocation, EventDate, EventTicketPrice) values (72, 72, 72, 72, '20:47:01', 'Wuqiao', '2022-05-18', 81.78);
insert into Basketball_Event (EventID, TeamID, HomeTeamID, AwayTeamID, EventTime, EventLocation, EventDate, EventTicketPrice) values (73, 73, 73, 73, '14:31:10', 'Jiuting', '2022-03-24', 145.26);
insert into Basketball_Event (EventID, TeamID, HomeTeamID, AwayTeamID, EventTime, EventLocation, EventDate, EventTicketPrice) values (74, 74, 74, 74, '15:33:40', 'Dobříš', '2022-01-17', 274.03);
insert into Basketball_Event (EventID, TeamID, HomeTeamID, AwayTeamID, EventTime, EventLocation, EventDate, EventTicketPrice) values (75, 75, 75, 75, '20:49:24', 'Brooklyn', '2022-10-31', 154.66);
insert into Basketball_Event (EventID, TeamID, HomeTeamID, AwayTeamID, EventTime, EventLocation, EventDate, EventTicketPrice) values (76, 76, 76, 76, '15:46:44', 'Santa Teresa', '2022-03-07', 983.05);
insert into Basketball_Event (EventID, TeamID, HomeTeamID, AwayTeamID, EventTime, EventLocation, EventDate, EventTicketPrice) values (77, 77, 77, 77, '14:30:42', 'Plovdiv', '2022-07-17', 861.58);
insert into Basketball_Event (EventID, TeamID, HomeTeamID, AwayTeamID, EventTime, EventLocation, EventDate, EventTicketPrice) values (78, 78, 78, 78, '15:23:46', 'Weiqi', '2022-02-03', 352.39);
insert into Basketball_Event (EventID, TeamID, HomeTeamID, AwayTeamID, EventTime, EventLocation, EventDate, EventTicketPrice) values (79, 79, 79, 79, '21:57:01', 'Saint-Denis', '2022-02-08', 764.17);
insert into Basketball_Event (EventID, TeamID, HomeTeamID, AwayTeamID, EventTime, EventLocation, EventDate, EventTicketPrice) values (80, 80, 80, 80, '21:55:57', 'Gulou', '2022-03-02', 903.09);
insert into Basketball_Event (EventID, TeamID, HomeTeamID, AwayTeamID, EventTime, EventLocation, EventDate, EventTicketPrice) values (81, 81, 81, 81, '16:19:47', 'Kham Sakae Saeng', '2022-07-31', 174.92);
insert into Basketball_Event (EventID, TeamID, HomeTeamID, AwayTeamID, EventTime, EventLocation, EventDate, EventTicketPrice) values (82, 82, 82, 82, '12:53:08', 'Jetak Kulon', '2022-07-18', 865.99);
insert into Basketball_Event (EventID, TeamID, HomeTeamID, AwayTeamID, EventTime, EventLocation, EventDate, EventTicketPrice) values (83, 83, 83, 83, '15:26:13', 'San Juan', '2022-02-14', 954.39);
insert into Basketball_Event (EventID, TeamID, HomeTeamID, AwayTeamID, EventTime, EventLocation, EventDate, EventTicketPrice) values (84, 84, 84, 84, '15:42:54', 'Demba', '2022-05-25', 346.18);
insert into Basketball_Event (EventID, TeamID, HomeTeamID, AwayTeamID, EventTime, EventLocation, EventDate, EventTicketPrice) values (85, 85, 85, 85, '22:05:08', 'Saint-Malo', '2022-05-05', 233.93);
insert into Basketball_Event (EventID, TeamID, HomeTeamID, AwayTeamID, EventTime, EventLocation, EventDate, EventTicketPrice) values (86, 86, 86, 86, '15:20:12', 'Puerto Cumarebo', '2022-03-30', 293.24);
insert into Basketball_Event (EventID, TeamID, HomeTeamID, AwayTeamID, EventTime, EventLocation, EventDate, EventTicketPrice) values (87, 87, 87, 87, '17:28:44', 'Nova Venécia', '2022-03-17', 971.8);
insert into Basketball_Event (EventID, TeamID, HomeTeamID, AwayTeamID, EventTime, EventLocation, EventDate, EventTicketPrice) values (88, 88, 88, 88, '18:29:43', 'Sanli', '2022-10-16', 955.26);
insert into Basketball_Event (EventID, TeamID, HomeTeamID, AwayTeamID, EventTime, EventLocation, EventDate, EventTicketPrice) values (89, 89, 89, 89, '22:04:45', 'Fushun', '2022-11-11', 113.7);
insert into Basketball_Event (EventID, TeamID, HomeTeamID, AwayTeamID, EventTime, EventLocation, EventDate, EventTicketPrice) values (90, 90, 90, 90, '16:18:09', 'Meghrashen', '2022-09-26', 654.44);
insert into Basketball_Event (EventID, TeamID, HomeTeamID, AwayTeamID, EventTime, EventLocation, EventDate, EventTicketPrice) values (91, 91, 91, 91, '13:25:15', 'Kota Kinabalu', '2022-05-28', 287.33);
insert into Basketball_Event (EventID, TeamID, HomeTeamID, AwayTeamID, EventTime, EventLocation, EventDate, EventTicketPrice) values (92, 92, 92, 92, '15:20:45', 'Gävle', '2021-12-16', 385.41);
insert into Basketball_Event (EventID, TeamID, HomeTeamID, AwayTeamID, EventTime, EventLocation, EventDate, EventTicketPrice) values (93, 93, 93, 93, '14:26:09', 'Garunggang', '2022-09-10', 202.85);
insert into Basketball_Event (EventID, TeamID, HomeTeamID, AwayTeamID, EventTime, EventLocation, EventDate, EventTicketPrice) values (94, 94, 94, 94, '12:34:30', 'North Battleford', '2022-06-15', 613.32);
insert into Basketball_Event (EventID, TeamID, HomeTeamID, AwayTeamID, EventTime, EventLocation, EventDate, EventTicketPrice) values (95, 95, 95, 95, '13:18:33', 'Nyurba', '2022-05-04', 598.41);
insert into Basketball_Event (EventID, TeamID, HomeTeamID, AwayTeamID, EventTime, EventLocation, EventDate, EventTicketPrice) values (96, 96, 96, 96, '16:29:17', 'Kastsyukovichy', '2022-08-13', 949.75);
insert into Basketball_Event (EventID, TeamID, HomeTeamID, AwayTeamID, EventTime, EventLocation, EventDate, EventTicketPrice) values (97, 97, 97, 97, '19:57:20', 'Nestório', '2022-07-13', 590.19);
insert into Basketball_Event (EventID, TeamID, HomeTeamID, AwayTeamID, EventTime, EventLocation, EventDate, EventTicketPrice) values (98, 98, 98, 98, '12:44:14', 'Palmas De Gran Canaria, Las', '2022-02-12', 367.29);
insert into Basketball_Event (EventID, TeamID, HomeTeamID, AwayTeamID, EventTime, EventLocation, EventDate, EventTicketPrice) values (99, 99, 99, 99, '14:59:20', 'Bibrka', '2022-09-29', 845.37);
insert into Basketball_Event (EventID, TeamID, HomeTeamID, AwayTeamID, EventTime, EventLocation, EventDate, EventTicketPrice) values (100, 100, 100, 100, '15:15:25', 'Grenoble', '2022-06-21', 514.01);


-- TicketOrder Inserts
insert into TicketOrder (TicketID, PersonID, EventID) values (1, 1, 1);
insert into TicketOrder (TicketID, PersonID, EventID) values (2, 2, 2);
insert into TicketOrder (TicketID, PersonID, EventID) values (3, 3, 3);
insert into TicketOrder (TicketID, PersonID, EventID) values (4, 4, 4);
insert into TicketOrder (TicketID, PersonID, EventID) values (5, 5, 5);
insert into TicketOrder (TicketID, PersonID, EventID) values (6, 6, 6);
insert into TicketOrder (TicketID, PersonID, EventID) values (7, 7, 7);
insert into TicketOrder (TicketID, PersonID, EventID) values (8, 8, 8);
insert into TicketOrder (TicketID, PersonID, EventID) values (9, 9, 9);
insert into TicketOrder (TicketID, PersonID, EventID) values (10, 10, 10);
insert into TicketOrder (TicketID, PersonID, EventID) values (11, 11, 11);
insert into TicketOrder (TicketID, PersonID, EventID) values (12, 12, 12);
insert into TicketOrder (TicketID, PersonID, EventID) values (13, 13, 13);
insert into TicketOrder (TicketID, PersonID, EventID) values (14, 14, 14);
insert into TicketOrder (TicketID, PersonID, EventID) values (15, 15, 15);
insert into TicketOrder (TicketID, PersonID, EventID) values (16, 16, 16);
insert into TicketOrder (TicketID, PersonID, EventID) values (17, 17, 17);
insert into TicketOrder (TicketID, PersonID, EventID) values (18, 18, 18);
insert into TicketOrder (TicketID, PersonID, EventID) values (19, 19, 19);
insert into TicketOrder (TicketID, PersonID, EventID) values (20, 20, 20);
insert into TicketOrder (TicketID, PersonID, EventID) values (21, 21, 21);
insert into TicketOrder (TicketID, PersonID, EventID) values (22, 22, 22);
insert into TicketOrder (TicketID, PersonID, EventID) values (23, 23, 23);
insert into TicketOrder (TicketID, PersonID, EventID) values (24, 24, 24);
insert into TicketOrder (TicketID, PersonID, EventID) values (25, 25, 25);
insert into TicketOrder (TicketID, PersonID, EventID) values (26, 26, 26);
insert into TicketOrder (TicketID, PersonID, EventID) values (27, 27, 27);
insert into TicketOrder (TicketID, PersonID, EventID) values (28, 28, 28);
insert into TicketOrder (TicketID, PersonID, EventID) values (29, 29, 29);
insert into TicketOrder (TicketID, PersonID, EventID) values (30, 30, 30);
insert into TicketOrder (TicketID, PersonID, EventID) values (31, 31, 31);
insert into TicketOrder (TicketID, PersonID, EventID) values (32, 32, 32);
insert into TicketOrder (TicketID, PersonID, EventID) values (33, 33, 33);
insert into TicketOrder (TicketID, PersonID, EventID) values (34, 34, 34);
insert into TicketOrder (TicketID, PersonID, EventID) values (35, 35, 35);
insert into TicketOrder (TicketID, PersonID, EventID) values (36, 36, 36);
insert into TicketOrder (TicketID, PersonID, EventID) values (37, 37, 37);
insert into TicketOrder (TicketID, PersonID, EventID) values (38, 38, 38);
insert into TicketOrder (TicketID, PersonID, EventID) values (39, 39, 39);
insert into TicketOrder (TicketID, PersonID, EventID) values (40, 40, 40);
insert into TicketOrder (TicketID, PersonID, EventID) values (41, 41, 41);
insert into TicketOrder (TicketID, PersonID, EventID) values (42, 42, 42);
insert into TicketOrder (TicketID, PersonID, EventID) values (43, 43, 43);
insert into TicketOrder (TicketID, PersonID, EventID) values (44, 44, 44);
insert into TicketOrder (TicketID, PersonID, EventID) values (45, 45, 45);
insert into TicketOrder (TicketID, PersonID, EventID) values (46, 46, 46);
insert into TicketOrder (TicketID, PersonID, EventID) values (47, 47, 47);
insert into TicketOrder (TicketID, PersonID, EventID) values (48, 48, 48);
insert into TicketOrder (TicketID, PersonID, EventID) values (49, 49, 49);
insert into TicketOrder (TicketID, PersonID, EventID) values (50, 50, 50);
insert into TicketOrder (TicketID, PersonID, EventID) values (51, 51, 51);
insert into TicketOrder (TicketID, PersonID, EventID) values (52, 52, 52);
insert into TicketOrder (TicketID, PersonID, EventID) values (53, 53, 53);
insert into TicketOrder (TicketID, PersonID, EventID) values (54, 54, 54);
insert into TicketOrder (TicketID, PersonID, EventID) values (55, 55, 55);
insert into TicketOrder (TicketID, PersonID, EventID) values (56, 56, 56);
insert into TicketOrder (TicketID, PersonID, EventID) values (57, 57, 57);
insert into TicketOrder (TicketID, PersonID, EventID) values (58, 58, 58);
insert into TicketOrder (TicketID, PersonID, EventID) values (59, 59, 59);
insert into TicketOrder (TicketID, PersonID, EventID) values (60, 60, 60);
insert into TicketOrder (TicketID, PersonID, EventID) values (61, 61, 61);
insert into TicketOrder (TicketID, PersonID, EventID) values (62, 62, 62);
insert into TicketOrder (TicketID, PersonID, EventID) values (63, 63, 63);
insert into TicketOrder (TicketID, PersonID, EventID) values (64, 64, 64);
insert into TicketOrder (TicketID, PersonID, EventID) values (65, 65, 65);
insert into TicketOrder (TicketID, PersonID, EventID) values (66, 66, 66);
insert into TicketOrder (TicketID, PersonID, EventID) values (67, 67, 67);
insert into TicketOrder (TicketID, PersonID, EventID) values (68, 68, 68);
insert into TicketOrder (TicketID, PersonID, EventID) values (69, 69, 69);
insert into TicketOrder (TicketID, PersonID, EventID) values (70, 70, 70);
insert into TicketOrder (TicketID, PersonID, EventID) values (71, 71, 71);
insert into TicketOrder (TicketID, PersonID, EventID) values (72, 72, 72);
insert into TicketOrder (TicketID, PersonID, EventID) values (73, 73, 73);
insert into TicketOrder (TicketID, PersonID, EventID) values (74, 74, 74);
insert into TicketOrder (TicketID, PersonID, EventID) values (75, 75, 75);
insert into TicketOrder (TicketID, PersonID, EventID) values (76, 76, 76);
insert into TicketOrder (TicketID, PersonID, EventID) values (77, 77, 77);
insert into TicketOrder (TicketID, PersonID, EventID) values (78, 78, 78);
insert into TicketOrder (TicketID, PersonID, EventID) values (79, 79, 79);
insert into TicketOrder (TicketID, PersonID, EventID) values (80, 80, 80);
insert into TicketOrder (TicketID, PersonID, EventID) values (81, 81, 81);
insert into TicketOrder (TicketID, PersonID, EventID) values (82, 82, 82);
insert into TicketOrder (TicketID, PersonID, EventID) values (83, 83, 83);
insert into TicketOrder (TicketID, PersonID, EventID) values (84, 84, 84);
insert into TicketOrder (TicketID, PersonID, EventID) values (85, 85, 85);
insert into TicketOrder (TicketID, PersonID, EventID) values (86, 86, 86);
insert into TicketOrder (TicketID, PersonID, EventID) values (87, 87, 87);
insert into TicketOrder (TicketID, PersonID, EventID) values (88, 88, 88);
insert into TicketOrder (TicketID, PersonID, EventID) values (89, 89, 89);
insert into TicketOrder (TicketID, PersonID, EventID) values (90, 90, 90);
insert into TicketOrder (TicketID, PersonID, EventID) values (91, 91, 91);
insert into TicketOrder (TicketID, PersonID, EventID) values (92, 92, 92);
insert into TicketOrder (TicketID, PersonID, EventID) values (93, 93, 93);
insert into TicketOrder (TicketID, PersonID, EventID) values (94, 94, 94);
insert into TicketOrder (TicketID, PersonID, EventID) values (95, 95, 95);
insert into TicketOrder (TicketID, PersonID, EventID) values (96, 96, 96);
insert into TicketOrder (TicketID, PersonID, EventID) values (97, 97, 97);
insert into TicketOrder (TicketID, PersonID, EventID) values (98, 98, 98);
insert into TicketOrder (TicketID, PersonID, EventID) values (99, 99, 99);
insert into TicketOrder (TicketID, PersonID, EventID) values (100, 100, 100);

-- Statistics Inserts

insert into Statistics  (StatsId, Avg_Points, Avg_Assists, Avg_Blocks, Avg_Steal, TwoPointPercentage, ThreePointPercentage , Avg_Rebound ) values (1, 33, 20, 10, 12.5, 36.84, 6.21, 94.14);
insert into Statistics  (StatsId, Avg_Points, Avg_Assists, Avg_Blocks, Avg_Steal, TwoPointPercentage, ThreePointPercentage , Avg_Rebound ) values (2, 36, 23, 15, 20.65, 12.11, 17.18, 1.36);
insert into Statistics  (StatsId, Avg_Points, Avg_Assists, Avg_Blocks, Avg_Steal, TwoPointPercentage, ThreePointPercentage , Avg_Rebound ) values (3, 16, 26, 10, 22.76, 23.54, 77.0, 22.98);
insert into Statistics  (StatsId, Avg_Points, Avg_Assists, Avg_Blocks, Avg_Steal, TwoPointPercentage, ThreePointPercentage , Avg_Rebound ) values (4, 44, 0, 23, 95.78, 56.25, 52.68, 97.49);
insert into Statistics  (StatsId, Avg_Points, Avg_Assists, Avg_Blocks, Avg_Steal, TwoPointPercentage, ThreePointPercentage , Avg_Rebound ) values (5, 37, 8, 14, 61.74, 12.14, 96.32, 24.57);
insert into Statistics  (StatsId, Avg_Points, Avg_Assists, Avg_Blocks, Avg_Steal, TwoPointPercentage, ThreePointPercentage , Avg_Rebound ) values (6, 46, 20, 11, 61.35, 3.58, 88.33, 58.15);
insert into Statistics  (StatsId, Avg_Points, Avg_Assists, Avg_Blocks, Avg_Steal, TwoPointPercentage, ThreePointPercentage , Avg_Rebound ) values (7, 47, 0, 23, 99.42, 42.26, 38.26, 38.44);
insert into Statistics  (StatsId, Avg_Points, Avg_Assists, Avg_Blocks, Avg_Steal, TwoPointPercentage, ThreePointPercentage , Avg_Rebound ) values (8, 4, 21, 1, 78.9, 11.42, 47.56, 72.73);
insert into Statistics  (StatsId, Avg_Points, Avg_Assists, Avg_Blocks, Avg_Steal, TwoPointPercentage, ThreePointPercentage , Avg_Rebound ) values (9, 30, 28, 4, 64.32, 87.43, 41.54, 76.16);
insert into Statistics  (StatsId, Avg_Points, Avg_Assists, Avg_Blocks, Avg_Steal, TwoPointPercentage, ThreePointPercentage , Avg_Rebound ) values (10, 44, 10, 21, 9.56, 95.36, 67.54, 75.83);
insert into Statistics  (StatsId, Avg_Points, Avg_Assists, Avg_Blocks, Avg_Steal, TwoPointPercentage, ThreePointPercentage , Avg_Rebound ) values (11, 41, 5, 2, 47.64, 57.97, 67.47, 69.74);
insert into Statistics  (StatsId, Avg_Points, Avg_Assists, Avg_Blocks, Avg_Steal, TwoPointPercentage, ThreePointPercentage , Avg_Rebound ) values (12, 37, 29, 19, 44.01, 16.39, 34.88, 54.69);
insert into Statistics  (StatsId, Avg_Points, Avg_Assists, Avg_Blocks, Avg_Steal, TwoPointPercentage, ThreePointPercentage , Avg_Rebound ) values (13, 23, 26, 9, 11.34, 8.14, 28.74, 96.53);
insert into Statistics  (StatsId, Avg_Points, Avg_Assists, Avg_Blocks, Avg_Steal, TwoPointPercentage, ThreePointPercentage , Avg_Rebound ) values (14, 21, 18, 8, 69.67, 23.95, 16.45, 89.17);
insert into Statistics  (StatsId, Avg_Points, Avg_Assists, Avg_Blocks, Avg_Steal, TwoPointPercentage, ThreePointPercentage , Avg_Rebound ) values (15, 9, 0, 5, 82.72, 35.78, 21.9, 91.14);
insert into Statistics  (StatsId, Avg_Points, Avg_Assists, Avg_Blocks, Avg_Steal, TwoPointPercentage, ThreePointPercentage , Avg_Rebound ) values (16, 44, 50, 0, 30.99, 96.96, 59.75, 44.17);
insert into Statistics  (StatsId, Avg_Points, Avg_Assists, Avg_Blocks, Avg_Steal, TwoPointPercentage, ThreePointPercentage , Avg_Rebound ) values (17, 35, 36, 9, 78.2, 21.16, 26.83, 10.35);
insert into Statistics  (StatsId, Avg_Points, Avg_Assists, Avg_Blocks, Avg_Steal, TwoPointPercentage, ThreePointPercentage , Avg_Rebound ) values (18, 20, 43, 7, 34.07, 59.46, 6.52, 59.94);
insert into Statistics  (StatsId, Avg_Points, Avg_Assists, Avg_Blocks, Avg_Steal, TwoPointPercentage, ThreePointPercentage , Avg_Rebound ) values (19, 13, 49, 8, 11.3, 7.99, 27.86, 14.66);
insert into Statistics  (StatsId, Avg_Points, Avg_Assists, Avg_Blocks, Avg_Steal, TwoPointPercentage, ThreePointPercentage , Avg_Rebound ) values (20, 27, 23, 6, 36.84, 83.11, 76.26, 63.88);
insert into Statistics  (StatsId, Avg_Points, Avg_Assists, Avg_Blocks, Avg_Steal, TwoPointPercentage, ThreePointPercentage , Avg_Rebound ) values (21, 32, 19, 12, 31.95, 22.3, 92.21, 37.42);
insert into Statistics  (StatsId, Avg_Points, Avg_Assists, Avg_Blocks, Avg_Steal, TwoPointPercentage, ThreePointPercentage , Avg_Rebound ) values (22, 9, 32, 9, 15.63, 99.65, 29.41, 91.85);
insert into Statistics  (StatsId, Avg_Points, Avg_Assists, Avg_Blocks, Avg_Steal, TwoPointPercentage, ThreePointPercentage , Avg_Rebound ) values (23, 30, 45, 21, 45.06, 78.2, 10.47, 40.63);
insert into Statistics  (StatsId, Avg_Points, Avg_Assists, Avg_Blocks, Avg_Steal, TwoPointPercentage, ThreePointPercentage , Avg_Rebound ) values (24, 42, 8, 20, 20.33, 30.08, 63.31, 69.37);
insert into Statistics  (StatsId, Avg_Points, Avg_Assists, Avg_Blocks, Avg_Steal, TwoPointPercentage, ThreePointPercentage , Avg_Rebound ) values (25, 7, 13, 16, 76.66, 69.47, 12.89, 68.11);
insert into Statistics  (StatsId, Avg_Points, Avg_Assists, Avg_Blocks, Avg_Steal, TwoPointPercentage, ThreePointPercentage , Avg_Rebound ) values (26, 1, 11, 4, 69.62, 80.24, 74.03, 90.43);
insert into Statistics  (StatsId, Avg_Points, Avg_Assists, Avg_Blocks, Avg_Steal, TwoPointPercentage, ThreePointPercentage , Avg_Rebound ) values (27, 23, 12, 22, 57.46, 31.83, 51.81, 63.7);
insert into Statistics  (StatsId, Avg_Points, Avg_Assists, Avg_Blocks, Avg_Steal, TwoPointPercentage, ThreePointPercentage , Avg_Rebound ) values (28, 16, 17, 6, 53.89, 46.31, 10.81, 7.17);
insert into Statistics  (StatsId, Avg_Points, Avg_Assists, Avg_Blocks, Avg_Steal, TwoPointPercentage, ThreePointPercentage , Avg_Rebound ) values (29, 31, 18, 4, 15.87, 64.92, 82.16, 38.72);
insert into Statistics  (StatsId, Avg_Points, Avg_Assists, Avg_Blocks, Avg_Steal, TwoPointPercentage, ThreePointPercentage , Avg_Rebound ) values (30, 10, 34, 22, 84.45, 52.86, 74.49, 29.95);
insert into Statistics  (StatsId, Avg_Points, Avg_Assists, Avg_Blocks, Avg_Steal, TwoPointPercentage, ThreePointPercentage , Avg_Rebound ) values (31, 16, 29, 19, 59.85, 31.46, 3.16, 85.5);
insert into Statistics  (StatsId, Avg_Points, Avg_Assists, Avg_Blocks, Avg_Steal, TwoPointPercentage, ThreePointPercentage , Avg_Rebound ) values (32, 4, 13, 22, 90.59, 88.25, 99.77, 32.16);
insert into Statistics  (StatsId, Avg_Points, Avg_Assists, Avg_Blocks, Avg_Steal, TwoPointPercentage, ThreePointPercentage , Avg_Rebound ) values (33, 48, 5, 13, 59.24, 78.01, 7.23, 24.36);
insert into Statistics  (StatsId, Avg_Points, Avg_Assists, Avg_Blocks, Avg_Steal, TwoPointPercentage, ThreePointPercentage , Avg_Rebound ) values (34, 7, 9, 17, 33.21, 1.74, 64.39, 79.66);
insert into Statistics  (StatsId, Avg_Points, Avg_Assists, Avg_Blocks, Avg_Steal, TwoPointPercentage, ThreePointPercentage , Avg_Rebound ) values (35, 49, 32, 5, 47.07, 88.34, 39.3, 77.2);
insert into Statistics  (StatsId, Avg_Points, Avg_Assists, Avg_Blocks, Avg_Steal, TwoPointPercentage, ThreePointPercentage , Avg_Rebound ) values (36, 5, 42, 24, 56.54, 15.85, 96.73, 86.96);
insert into Statistics  (StatsId, Avg_Points, Avg_Assists, Avg_Blocks, Avg_Steal, TwoPointPercentage, ThreePointPercentage , Avg_Rebound ) values (37, 2, 40, 8, 34.74, 37.26, 81.0, 20.39);
insert into Statistics  (StatsId, Avg_Points, Avg_Assists, Avg_Blocks, Avg_Steal, TwoPointPercentage, ThreePointPercentage , Avg_Rebound ) values (38, 4, 42, 21, 8.33, 82.57, 95.4, 18.61);
insert into Statistics  (StatsId, Avg_Points, Avg_Assists, Avg_Blocks, Avg_Steal, TwoPointPercentage, ThreePointPercentage , Avg_Rebound ) values (39, 7, 44, 1, 84.05, 25.04, 52.0, 66.62);
insert into Statistics  (StatsId, Avg_Points, Avg_Assists, Avg_Blocks, Avg_Steal, TwoPointPercentage, ThreePointPercentage , Avg_Rebound ) values (40, 25, 10, 15, 30.32, 74.91, 83.01, 42.73);
insert into Statistics  (StatsId, Avg_Points, Avg_Assists, Avg_Blocks, Avg_Steal, TwoPointPercentage, ThreePointPercentage , Avg_Rebound ) values (41, 28, 16, 22, 53.52, 50.03, 45.1, 91.9);
insert into Statistics  (StatsId, Avg_Points, Avg_Assists, Avg_Blocks, Avg_Steal, TwoPointPercentage, ThreePointPercentage , Avg_Rebound ) values (42, 39, 24, 2, 46.5, 70.6, 40.74, 37.54);
insert into Statistics  (StatsId, Avg_Points, Avg_Assists, Avg_Blocks, Avg_Steal, TwoPointPercentage, ThreePointPercentage , Avg_Rebound ) values (43, 19, 12, 25, 39.63, 81.27, 98.14, 35.61);
insert into Statistics  (StatsId, Avg_Points, Avg_Assists, Avg_Blocks, Avg_Steal, TwoPointPercentage, ThreePointPercentage , Avg_Rebound ) values (44, 22, 35, 4, 93.75, 15.16, 10.61, 31.62);
insert into Statistics  (StatsId, Avg_Points, Avg_Assists, Avg_Blocks, Avg_Steal, TwoPointPercentage, ThreePointPercentage , Avg_Rebound ) values (45, 35, 30, 12, 10.38, 12.12, 59.6, 74.69);
insert into Statistics  (StatsId, Avg_Points, Avg_Assists, Avg_Blocks, Avg_Steal, TwoPointPercentage, ThreePointPercentage , Avg_Rebound ) values (46, 47, 50, 2, 86.33, 62.04, 38.11, 87.69);
insert into Statistics  (StatsId, Avg_Points, Avg_Assists, Avg_Blocks, Avg_Steal, TwoPointPercentage, ThreePointPercentage , Avg_Rebound ) values (47, 50, 30, 21, 14.6, 28.96, 13.23, 36.68);
insert into Statistics  (StatsId, Avg_Points, Avg_Assists, Avg_Blocks, Avg_Steal, TwoPointPercentage, ThreePointPercentage , Avg_Rebound ) values (48, 18, 22, 18, 6.69, 94.48, 39.74, 13.49);
insert into Statistics  (StatsId, Avg_Points, Avg_Assists, Avg_Blocks, Avg_Steal, TwoPointPercentage, ThreePointPercentage , Avg_Rebound ) values (49, 47, 20, 3, 96.85, 2.84, 45.94, 47.38);
insert into Statistics  (StatsId, Avg_Points, Avg_Assists, Avg_Blocks, Avg_Steal, TwoPointPercentage, ThreePointPercentage , Avg_Rebound ) values (50, 39, 6, 20, 72.25, 74.05, 35.79, 58.75);
insert into Statistics  (StatsId, Avg_Points, Avg_Assists, Avg_Blocks, Avg_Steal, TwoPointPercentage, ThreePointPercentage , Avg_Rebound ) values (51, 14, 11, 7, 24.12, 87.75, 27.01, 12.97);
insert into Statistics  (StatsId, Avg_Points, Avg_Assists, Avg_Blocks, Avg_Steal, TwoPointPercentage, ThreePointPercentage , Avg_Rebound ) values (52, 13, 48, 11, 5.51, 93.53, 12.02, 57.06);
insert into Statistics  (StatsId, Avg_Points, Avg_Assists, Avg_Blocks, Avg_Steal, TwoPointPercentage, ThreePointPercentage , Avg_Rebound ) values (53, 21, 44, 2, 90.26, 62.97, 11.1, 58.03);
insert into Statistics  (StatsId, Avg_Points, Avg_Assists, Avg_Blocks, Avg_Steal, TwoPointPercentage, ThreePointPercentage , Avg_Rebound ) values (54, 0, 37, 3, 62.22, 85.45, 73.13, 78.27);
insert into Statistics  (StatsId, Avg_Points, Avg_Assists, Avg_Blocks, Avg_Steal, TwoPointPercentage, ThreePointPercentage , Avg_Rebound ) values (55, 25, 5, 21, 22.34, 75.2, 30.64, 62.16);
insert into Statistics  (StatsId, Avg_Points, Avg_Assists, Avg_Blocks, Avg_Steal, TwoPointPercentage, ThreePointPercentage , Avg_Rebound ) values (56, 3, 19, 9, 36.27, 58.77, 90.99, 52.3);
insert into Statistics  (StatsId, Avg_Points, Avg_Assists, Avg_Blocks, Avg_Steal, TwoPointPercentage, ThreePointPercentage , Avg_Rebound ) values (57, 27, 40, 16, 76.89, 14.3, 62.82, 13.47);
insert into Statistics  (StatsId, Avg_Points, Avg_Assists, Avg_Blocks, Avg_Steal, TwoPointPercentage, ThreePointPercentage , Avg_Rebound ) values (58, 42, 27, 11, 73.88, 36.39, 86.95, 16.28);
insert into Statistics  (StatsId, Avg_Points, Avg_Assists, Avg_Blocks, Avg_Steal, TwoPointPercentage, ThreePointPercentage , Avg_Rebound ) values (59, 14, 5, 20, 21.91, 96.95, 57.77, 69.53);
insert into Statistics  (StatsId, Avg_Points, Avg_Assists, Avg_Blocks, Avg_Steal, TwoPointPercentage, ThreePointPercentage , Avg_Rebound ) values (60, 26, 10, 5, 34.11, 80.02, 99.6, 98.33);
insert into Statistics  (StatsId, Avg_Points, Avg_Assists, Avg_Blocks, Avg_Steal, TwoPointPercentage, ThreePointPercentage , Avg_Rebound ) values (61, 0, 37, 20, 64.78, 56.54, 26.36, 60.83);
insert into Statistics  (StatsId, Avg_Points, Avg_Assists, Avg_Blocks, Avg_Steal, TwoPointPercentage, ThreePointPercentage , Avg_Rebound ) values (62, 41, 33, 23, 55.02, 94.06, 31.81, 79.02);
insert into Statistics  (StatsId, Avg_Points, Avg_Assists, Avg_Blocks, Avg_Steal, TwoPointPercentage, ThreePointPercentage , Avg_Rebound ) values (63, 13, 29, 10, 8.61, 35.05, 17.53, 9.48);
insert into Statistics  (StatsId, Avg_Points, Avg_Assists, Avg_Blocks, Avg_Steal, TwoPointPercentage, ThreePointPercentage , Avg_Rebound ) values (64, 33, 16, 23, 2.28, 62.59, 34.15, 81.9);
insert into Statistics  (StatsId, Avg_Points, Avg_Assists, Avg_Blocks, Avg_Steal, TwoPointPercentage, ThreePointPercentage , Avg_Rebound ) values (65, 29, 16, 5, 74.32, 34.4, 70.55, 24.26);
insert into Statistics  (StatsId, Avg_Points, Avg_Assists, Avg_Blocks, Avg_Steal, TwoPointPercentage, ThreePointPercentage , Avg_Rebound ) values (66, 16, 35, 23, 44.28, 36.75, 86.27, 48.65);
insert into Statistics  (StatsId, Avg_Points, Avg_Assists, Avg_Blocks, Avg_Steal, TwoPointPercentage, ThreePointPercentage , Avg_Rebound ) values (67, 22, 24, 10, 78.16, 5.97, 25.26, 93.99);
insert into Statistics  (StatsId, Avg_Points, Avg_Assists, Avg_Blocks, Avg_Steal, TwoPointPercentage, ThreePointPercentage , Avg_Rebound ) values (68, 37, 17, 13, 81.15, 31.15, 49.51, 32.18);
insert into Statistics  (StatsId, Avg_Points, Avg_Assists, Avg_Blocks, Avg_Steal, TwoPointPercentage, ThreePointPercentage , Avg_Rebound ) values (69, 24, 34, 9, 71.35, 13.54, 52.69, 42.07);
insert into Statistics  (StatsId, Avg_Points, Avg_Assists, Avg_Blocks, Avg_Steal, TwoPointPercentage, ThreePointPercentage , Avg_Rebound ) values (70, 37, 2, 8, 18.48, 62.9, 77.26, 9.66);
insert into Statistics  (StatsId, Avg_Points, Avg_Assists, Avg_Blocks, Avg_Steal, TwoPointPercentage, ThreePointPercentage , Avg_Rebound ) values (71, 11, 15, 16, 39.72, 70.29, 69.29, 26.86);
insert into Statistics  (StatsId, Avg_Points, Avg_Assists, Avg_Blocks, Avg_Steal, TwoPointPercentage, ThreePointPercentage , Avg_Rebound ) values (72, 13, 22, 21, 42.32, 84.94, 46.88, 52.06);
insert into Statistics  (StatsId, Avg_Points, Avg_Assists, Avg_Blocks, Avg_Steal, TwoPointPercentage, ThreePointPercentage , Avg_Rebound ) values (73, 11, 50, 10, 34.19, 21.22, 37.5, 87.86);
insert into Statistics  (StatsId, Avg_Points, Avg_Assists, Avg_Blocks, Avg_Steal, TwoPointPercentage, ThreePointPercentage , Avg_Rebound ) values (74, 12, 21, 2, 45.6, 31.4, 89.44, 63.58);
insert into Statistics  (StatsId, Avg_Points, Avg_Assists, Avg_Blocks, Avg_Steal, TwoPointPercentage, ThreePointPercentage , Avg_Rebound ) values (75, 35, 32, 21, 81.06, 13.68, 83.54, 46.38);
insert into Statistics  (StatsId, Avg_Points, Avg_Assists, Avg_Blocks, Avg_Steal, TwoPointPercentage, ThreePointPercentage , Avg_Rebound ) values (76, 15, 3, 8, 48.24, 87.03, 71.05, 14.25);
insert into Statistics  (StatsId, Avg_Points, Avg_Assists, Avg_Blocks, Avg_Steal, TwoPointPercentage, ThreePointPercentage , Avg_Rebound ) values (77, 39, 4, 17, 47.15, 26.82, 17.48, 3.6);
insert into Statistics  (StatsId, Avg_Points, Avg_Assists, Avg_Blocks, Avg_Steal, TwoPointPercentage, ThreePointPercentage , Avg_Rebound ) values (78, 11, 30, 14, 5.17, 33.37, 43.47, 70.43);
insert into Statistics  (StatsId, Avg_Points, Avg_Assists, Avg_Blocks, Avg_Steal, TwoPointPercentage, ThreePointPercentage , Avg_Rebound ) values (79, 6, 48, 18, 80.76, 42.83, 80.21, 6.84);
insert into Statistics  (StatsId, Avg_Points, Avg_Assists, Avg_Blocks, Avg_Steal, TwoPointPercentage, ThreePointPercentage , Avg_Rebound ) values (80, 41, 41, 12, 91.77, 16.41, 24.43, 44.51);
insert into Statistics  (StatsId, Avg_Points, Avg_Assists, Avg_Blocks, Avg_Steal, TwoPointPercentage, ThreePointPercentage , Avg_Rebound ) values (81, 43, 33, 17, 51.43, 4.41, 32.56, 2.47);
insert into Statistics  (StatsId, Avg_Points, Avg_Assists, Avg_Blocks, Avg_Steal, TwoPointPercentage, ThreePointPercentage , Avg_Rebound ) values (82, 38, 34, 1, 38.46, 71.89, 6.0, 76.57);
insert into Statistics  (StatsId, Avg_Points, Avg_Assists, Avg_Blocks, Avg_Steal, TwoPointPercentage, ThreePointPercentage , Avg_Rebound ) values (83, 8, 3, 5, 63.13, 84.64, 30.27, 66.99);
insert into Statistics  (StatsId, Avg_Points, Avg_Assists, Avg_Blocks, Avg_Steal, TwoPointPercentage, ThreePointPercentage , Avg_Rebound ) values (84, 5, 45, 12, 47.56, 91.87, 3.06, 28.63);
insert into Statistics  (StatsId, Avg_Points, Avg_Assists, Avg_Blocks, Avg_Steal, TwoPointPercentage, ThreePointPercentage , Avg_Rebound ) values (85, 29, 3, 2, 55.66, 25.02, 53.77, 57.72);
insert into Statistics  (StatsId, Avg_Points, Avg_Assists, Avg_Blocks, Avg_Steal, TwoPointPercentage, ThreePointPercentage , Avg_Rebound ) values (86, 10, 46, 7, 81.86, 46.32, 75.62, 77.96);
insert into Statistics  (StatsId, Avg_Points, Avg_Assists, Avg_Blocks, Avg_Steal, TwoPointPercentage, ThreePointPercentage , Avg_Rebound ) values (87, 13, 19, 17, 24.77, 31.06, 22.6, 31.31);
insert into Statistics  (StatsId, Avg_Points, Avg_Assists, Avg_Blocks, Avg_Steal, TwoPointPercentage, ThreePointPercentage , Avg_Rebound ) values (88, 5, 48, 22, 71.83, 68.23, 37.42, 69.29);
insert into Statistics  (StatsId, Avg_Points, Avg_Assists, Avg_Blocks, Avg_Steal, TwoPointPercentage, ThreePointPercentage , Avg_Rebound ) values (89, 0, 0, 15, 43.37, 76.82, 32.06, 30.36);
insert into Statistics  (StatsId, Avg_Points, Avg_Assists, Avg_Blocks, Avg_Steal, TwoPointPercentage, ThreePointPercentage , Avg_Rebound ) values (90, 41, 28, 2, 79.75, 5.81, 48.31, 64.84);
insert into Statistics  (StatsId, Avg_Points, Avg_Assists, Avg_Blocks, Avg_Steal, TwoPointPercentage, ThreePointPercentage , Avg_Rebound ) values (91, 17, 28, 6, 88.85, 46.95, 93.78, 29.48);
insert into Statistics  (StatsId, Avg_Points, Avg_Assists, Avg_Blocks, Avg_Steal, TwoPointPercentage, ThreePointPercentage , Avg_Rebound ) values (92, 36, 45, 3, 15.3, 50.69, 94.79, 84.9);
insert into Statistics  (StatsId, Avg_Points, Avg_Assists, Avg_Blocks, Avg_Steal, TwoPointPercentage, ThreePointPercentage , Avg_Rebound ) values (93, 28, 27, 11, 89.45, 67.85, 81.71, 91.07);
insert into Statistics  (StatsId, Avg_Points, Avg_Assists, Avg_Blocks, Avg_Steal, TwoPointPercentage, ThreePointPercentage , Avg_Rebound ) values (94, 39, 3, 12, 22.13, 83.23, 58.6, 72.82);
insert into Statistics  (StatsId, Avg_Points, Avg_Assists, Avg_Blocks, Avg_Steal, TwoPointPercentage, ThreePointPercentage , Avg_Rebound ) values (95, 41, 32, 13, 1.42, 83.75, 69.89, 41.27);
insert into Statistics  (StatsId, Avg_Points, Avg_Assists, Avg_Blocks, Avg_Steal, TwoPointPercentage, ThreePointPercentage , Avg_Rebound ) values (96, 39, 45, 21, 95.09, 14.07, 25.42, 81.26);
insert into Statistics  (StatsId, Avg_Points, Avg_Assists, Avg_Blocks, Avg_Steal, TwoPointPercentage, ThreePointPercentage , Avg_Rebound ) values (97, 2, 6, 11, 31.38, 44.0, 14.5, 52.18);
insert into Statistics  (StatsId, Avg_Points, Avg_Assists, Avg_Blocks, Avg_Steal, TwoPointPercentage, ThreePointPercentage , Avg_Rebound ) values (98, 28, 35, 4, 31.36, 25.99, 24.97, 13.77);
insert into Statistics  (StatsId, Avg_Points, Avg_Assists, Avg_Blocks, Avg_Steal, TwoPointPercentage, ThreePointPercentage , Avg_Rebound ) values (99, 0, 34, 20, 30.69, 68.2, 64.7, 58.24);
insert into Statistics  (StatsId, Avg_Points, Avg_Assists, Avg_Blocks, Avg_Steal, TwoPointPercentage, ThreePointPercentage , Avg_Rebound ) values (100, 5, 44, 4, 93.06, 10.54, 10.86, 33.53);


-- AthleteStatistics Inserts

insert into AthleteStatistics (StatsID, PersonID) values (1, 1);
insert into AthleteStatistics (StatsID, PersonID) values (2, 2);
insert into AthleteStatistics (StatsID, PersonID) values (3, 3);
insert into AthleteStatistics (StatsID, PersonID) values (4, 4);
insert into AthleteStatistics (StatsID, PersonID) values (5, 5);
insert into AthleteStatistics (StatsID, PersonID) values (6, 6);
insert into AthleteStatistics (StatsID, PersonID) values (7, 7);
insert into AthleteStatistics (StatsID, PersonID) values (8, 8);
insert into AthleteStatistics (StatsID, PersonID) values (9, 9);
insert into AthleteStatistics (StatsID, PersonID) values (10, 10);
insert into AthleteStatistics (StatsID, PersonID) values (11, 11);
insert into AthleteStatistics (StatsID, PersonID) values (12, 12);
insert into AthleteStatistics (StatsID, PersonID) values (13, 13);
insert into AthleteStatistics (StatsID, PersonID) values (14, 14);
insert into AthleteStatistics (StatsID, PersonID) values (15, 15);
insert into AthleteStatistics (StatsID, PersonID) values (16, 16);
insert into AthleteStatistics (StatsID, PersonID) values (17, 17);
insert into AthleteStatistics (StatsID, PersonID) values (18, 18);
insert into AthleteStatistics (StatsID, PersonID) values (19, 19);
insert into AthleteStatistics (StatsID, PersonID) values (20, 20);
insert into AthleteStatistics (StatsID, PersonID) values (21, 21);
insert into AthleteStatistics (StatsID, PersonID) values (22, 22);
insert into AthleteStatistics (StatsID, PersonID) values (23, 23);
insert into AthleteStatistics (StatsID, PersonID) values (24, 24);
insert into AthleteStatistics (StatsID, PersonID) values (25, 25);
insert into AthleteStatistics (StatsID, PersonID) values (26, 26);
insert into AthleteStatistics (StatsID, PersonID) values (27, 27);
insert into AthleteStatistics (StatsID, PersonID) values (28, 28);
insert into AthleteStatistics (StatsID, PersonID) values (29, 29);
insert into AthleteStatistics (StatsID, PersonID) values (30, 30);
insert into AthleteStatistics (StatsID, PersonID) values (31, 31);
insert into AthleteStatistics (StatsID, PersonID) values (32, 32);
insert into AthleteStatistics (StatsID, PersonID) values (33, 33);
insert into AthleteStatistics (StatsID, PersonID) values (34, 34);
insert into AthleteStatistics (StatsID, PersonID) values (35, 35);
insert into AthleteStatistics (StatsID, PersonID) values (36, 36);
insert into AthleteStatistics (StatsID, PersonID) values (37, 37);
insert into AthleteStatistics (StatsID, PersonID) values (38, 38);
insert into AthleteStatistics (StatsID, PersonID) values (39, 39);
insert into AthleteStatistics (StatsID, PersonID) values (40, 40);
insert into AthleteStatistics (StatsID, PersonID) values (41, 41);
insert into AthleteStatistics (StatsID, PersonID) values (42, 42);
insert into AthleteStatistics (StatsID, PersonID) values (43, 43);
insert into AthleteStatistics (StatsID, PersonID) values (44, 44);
insert into AthleteStatistics (StatsID, PersonID) values (45, 45);
insert into AthleteStatistics (StatsID, PersonID) values (46, 46);
insert into AthleteStatistics (StatsID, PersonID) values (47, 47);
insert into AthleteStatistics (StatsID, PersonID) values (48, 48);
insert into AthleteStatistics (StatsID, PersonID) values (49, 49);
insert into AthleteStatistics (StatsID, PersonID) values (50, 50);
insert into AthleteStatistics (StatsID, PersonID) values (51, 51);
insert into AthleteStatistics (StatsID, PersonID) values (52, 52);
insert into AthleteStatistics (StatsID, PersonID) values (53, 53);
insert into AthleteStatistics (StatsID, PersonID) values (54, 54);
insert into AthleteStatistics (StatsID, PersonID) values (55, 55);
insert into AthleteStatistics (StatsID, PersonID) values (56, 56);
insert into AthleteStatistics (StatsID, PersonID) values (57, 57);
insert into AthleteStatistics (StatsID, PersonID) values (58, 58);
insert into AthleteStatistics (StatsID, PersonID) values (59, 59);
insert into AthleteStatistics (StatsID, PersonID) values (60, 60);
insert into AthleteStatistics (StatsID, PersonID) values (61, 61);
insert into AthleteStatistics (StatsID, PersonID) values (62, 62);
insert into AthleteStatistics (StatsID, PersonID) values (63, 63);
insert into AthleteStatistics (StatsID, PersonID) values (64, 64);
insert into AthleteStatistics (StatsID, PersonID) values (65, 65);
insert into AthleteStatistics (StatsID, PersonID) values (66, 66);
insert into AthleteStatistics (StatsID, PersonID) values (67, 67);
insert into AthleteStatistics (StatsID, PersonID) values (68, 68);
insert into AthleteStatistics (StatsID, PersonID) values (69, 69);
insert into AthleteStatistics (StatsID, PersonID) values (70, 70);
insert into AthleteStatistics (StatsID, PersonID) values (71, 71);
insert into AthleteStatistics (StatsID, PersonID) values (72, 72);
insert into AthleteStatistics (StatsID, PersonID) values (73, 73);
insert into AthleteStatistics (StatsID, PersonID) values (74, 74);
insert into AthleteStatistics (StatsID, PersonID) values (75, 75);
insert into AthleteStatistics (StatsID, PersonID) values (76, 76);
insert into AthleteStatistics (StatsID, PersonID) values (77, 77);
insert into AthleteStatistics (StatsID, PersonID) values (78, 78);
insert into AthleteStatistics (StatsID, PersonID) values (79, 79);
insert into AthleteStatistics (StatsID, PersonID) values (80, 80);
insert into AthleteStatistics (StatsID, PersonID) values (81, 81);
insert into AthleteStatistics (StatsID, PersonID) values (82, 82);
insert into AthleteStatistics (StatsID, PersonID) values (83, 83);
insert into AthleteStatistics (StatsID, PersonID) values (84, 84);
insert into AthleteStatistics (StatsID, PersonID) values (85, 85);
insert into AthleteStatistics (StatsID, PersonID) values (86, 86);
insert into AthleteStatistics (StatsID, PersonID) values (87, 87);
insert into AthleteStatistics (StatsID, PersonID) values (88, 88);
insert into AthleteStatistics (StatsID, PersonID) values (89, 89);
insert into AthleteStatistics (StatsID, PersonID) values (90, 90);
insert into AthleteStatistics (StatsID, PersonID) values (91, 91);
insert into AthleteStatistics (StatsID, PersonID) values (92, 92);
insert into AthleteStatistics (StatsID, PersonID) values (93, 93);
insert into AthleteStatistics (StatsID, PersonID) values (94, 94);
insert into AthleteStatistics (StatsID, PersonID) values (95, 95);
insert into AthleteStatistics (StatsID, PersonID) values (96, 96);
insert into AthleteStatistics (StatsID, PersonID) values (97, 97);
insert into AthleteStatistics (StatsID, PersonID) values (98, 98);
insert into AthleteStatistics (StatsID, PersonID) values (99, 99);
insert into AthleteStatistics (StatsID, PersonID) values (100, 100);


-- TeamStats Inserts
insert into TeamStatistics (StatsID, TeamID, WinLossPercentage) values (1, 1, 75.64);
insert into TeamStatistics (StatsID, TeamID, WinLossPercentage) values (2, 2, 97.19);
insert into TeamStatistics (StatsID, TeamID, WinLossPercentage) values (3, 3, 51.05);
insert into TeamStatistics (StatsID, TeamID, WinLossPercentage) values (4, 4, 25.7);
insert into TeamStatistics (StatsID, TeamID, WinLossPercentage) values (5, 5, 50.38);
insert into TeamStatistics (StatsID, TeamID, WinLossPercentage) values (6, 6, 98.05);
insert into TeamStatistics (StatsID, TeamID, WinLossPercentage) values (7, 7, 72.33);
insert into TeamStatistics (StatsID, TeamID, WinLossPercentage) values (8, 8, 27.61);
insert into TeamStatistics (StatsID, TeamID, WinLossPercentage) values (9, 9, 92.62);
insert into TeamStatistics (StatsID, TeamID, WinLossPercentage) values (10, 10, 54.58);
insert into TeamStatistics (StatsID, TeamID, WinLossPercentage) values (11, 11, 40.82);
insert into TeamStatistics (StatsID, TeamID, WinLossPercentage) values (12, 12, 46.3);
insert into TeamStatistics (StatsID, TeamID, WinLossPercentage) values (13, 13, 32.28);
insert into TeamStatistics (StatsID, TeamID, WinLossPercentage) values (14, 14, 30.38);
insert into TeamStatistics (StatsID, TeamID, WinLossPercentage) values (15, 15, 43.06);
insert into TeamStatistics (StatsID, TeamID, WinLossPercentage) values (16, 16, 67.73);
insert into TeamStatistics (StatsID, TeamID, WinLossPercentage) values (17, 17, 94.67);
insert into TeamStatistics (StatsID, TeamID, WinLossPercentage) values (18, 18, 53.19);
insert into TeamStatistics (StatsID, TeamID, WinLossPercentage) values (19, 19, 83.22);
insert into TeamStatistics (StatsID, TeamID, WinLossPercentage) values (20, 20, 46.67);
insert into TeamStatistics (StatsID, TeamID, WinLossPercentage) values (21, 21, 34.83);
insert into TeamStatistics (StatsID, TeamID, WinLossPercentage) values (22, 22, 63.38);
insert into TeamStatistics (StatsID, TeamID, WinLossPercentage) values (23, 23, 56.81);
insert into TeamStatistics (StatsID, TeamID, WinLossPercentage) values (24, 24, 25.39);
insert into TeamStatistics (StatsID, TeamID, WinLossPercentage) values (25, 25, 71.72);
insert into TeamStatistics (StatsID, TeamID, WinLossPercentage) values (26, 26, 64.06);
insert into TeamStatistics (StatsID, TeamID, WinLossPercentage) values (27, 27, 56.82);
insert into TeamStatistics (StatsID, TeamID, WinLossPercentage) values (28, 28, 65.35);
insert into TeamStatistics (StatsID, TeamID, WinLossPercentage) values (29, 29, 45.16);
insert into TeamStatistics (StatsID, TeamID, WinLossPercentage) values (30, 30, 32.48);
insert into TeamStatistics (StatsID, TeamID, WinLossPercentage) values (31, 31, 69.24);
insert into TeamStatistics (StatsID, TeamID, WinLossPercentage) values (32, 32, 99.51);
insert into TeamStatistics (StatsID, TeamID, WinLossPercentage) values (33, 33, 36.91);
insert into TeamStatistics (StatsID, TeamID, WinLossPercentage) values (34, 34, 38.54);
insert into TeamStatistics (StatsID, TeamID, WinLossPercentage) values (35, 35, 90.46);
insert into TeamStatistics (StatsID, TeamID, WinLossPercentage) values (36, 36, 30.86);
insert into TeamStatistics (StatsID, TeamID, WinLossPercentage) values (37, 37, 81.33);
insert into TeamStatistics (StatsID, TeamID, WinLossPercentage) values (38, 38, 69.89);
insert into TeamStatistics (StatsID, TeamID, WinLossPercentage) values (39, 39, 85.09);
insert into TeamStatistics (StatsID, TeamID, WinLossPercentage) values (40, 40, 30.09);
insert into TeamStatistics (StatsID, TeamID, WinLossPercentage) values (41, 41, 53.83);
insert into TeamStatistics (StatsID, TeamID, WinLossPercentage) values (42, 42, 89.75);
insert into TeamStatistics (StatsID, TeamID, WinLossPercentage) values (43, 43, 95.74);
insert into TeamStatistics (StatsID, TeamID, WinLossPercentage) values (44, 44, 85.05);
insert into TeamStatistics (StatsID, TeamID, WinLossPercentage) values (45, 45, 65.99);
insert into TeamStatistics (StatsID, TeamID, WinLossPercentage) values (46, 46, 43.13);
insert into TeamStatistics (StatsID, TeamID, WinLossPercentage) values (47, 47, 29.39);
insert into TeamStatistics (StatsID, TeamID, WinLossPercentage) values (48, 48, 85.79);
insert into TeamStatistics (StatsID, TeamID, WinLossPercentage) values (49, 49, 40.0);
insert into TeamStatistics (StatsID, TeamID, WinLossPercentage) values (50, 50, 31.47);
insert into TeamStatistics (StatsID, TeamID, WinLossPercentage) values (51, 51, 30.93);
insert into TeamStatistics (StatsID, TeamID, WinLossPercentage) values (52, 52, 62.84);
insert into TeamStatistics (StatsID, TeamID, WinLossPercentage) values (53, 53, 25.45);
insert into TeamStatistics (StatsID, TeamID, WinLossPercentage) values (54, 54, 49.73);
insert into TeamStatistics (StatsID, TeamID, WinLossPercentage) values (55, 55, 43.96);
insert into TeamStatistics (StatsID, TeamID, WinLossPercentage) values (56, 56, 47.98);
insert into TeamStatistics (StatsID, TeamID, WinLossPercentage) values (57, 57, 29.09);
insert into TeamStatistics (StatsID, TeamID, WinLossPercentage) values (58, 58, 90.47);
insert into TeamStatistics (StatsID, TeamID, WinLossPercentage) values (59, 59, 84.21);
insert into TeamStatistics (StatsID, TeamID, WinLossPercentage) values (60, 60, 35.0);
insert into TeamStatistics (StatsID, TeamID, WinLossPercentage) values (61, 61, 87.05);
insert into TeamStatistics (StatsID, TeamID, WinLossPercentage) values (62, 62, 90.56);
insert into TeamStatistics (StatsID, TeamID, WinLossPercentage) values (63, 63, 35.89);
insert into TeamStatistics (StatsID, TeamID, WinLossPercentage) values (64, 64, 44.61);
insert into TeamStatistics (StatsID, TeamID, WinLossPercentage) values (65, 65, 88.41);
insert into TeamStatistics (StatsID, TeamID, WinLossPercentage) values (66, 66, 94.38);
insert into TeamStatistics (StatsID, TeamID, WinLossPercentage) values (67, 67, 46.86);
insert into TeamStatistics (StatsID, TeamID, WinLossPercentage) values (68, 68, 48.55);
insert into TeamStatistics (StatsID, TeamID, WinLossPercentage) values (69, 69, 48.81);
insert into TeamStatistics (StatsID, TeamID, WinLossPercentage) values (70, 70, 51.49);
insert into TeamStatistics (StatsID, TeamID, WinLossPercentage) values (71, 71, 43.71);
insert into TeamStatistics (StatsID, TeamID, WinLossPercentage) values (72, 72, 30.23);
insert into TeamStatistics (StatsID, TeamID, WinLossPercentage) values (73, 73, 73.58);
insert into TeamStatistics (StatsID, TeamID, WinLossPercentage) values (74, 74, 93.97);
insert into TeamStatistics (StatsID, TeamID, WinLossPercentage) values (75, 75, 83.58);
insert into TeamStatistics (StatsID, TeamID, WinLossPercentage) values (76, 76, 37.21);
insert into TeamStatistics (StatsID, TeamID, WinLossPercentage) values (77, 77, 49.02);
insert into TeamStatistics (StatsID, TeamID, WinLossPercentage) values (78, 78, 80.46);
insert into TeamStatistics (StatsID, TeamID, WinLossPercentage) values (79, 79, 48.6);
insert into TeamStatistics (StatsID, TeamID, WinLossPercentage) values (80, 80, 32.66);
insert into TeamStatistics (StatsID, TeamID, WinLossPercentage) values (81, 81, 67.27);
insert into TeamStatistics (StatsID, TeamID, WinLossPercentage) values (82, 82, 39.71);
insert into TeamStatistics (StatsID, TeamID, WinLossPercentage) values (83, 83, 52.78);
insert into TeamStatistics (StatsID, TeamID, WinLossPercentage) values (84, 84, 59.27);
insert into TeamStatistics (StatsID, TeamID, WinLossPercentage) values (85, 85, 46.38);
insert into TeamStatistics (StatsID, TeamID, WinLossPercentage) values (86, 86, 83.39);
insert into TeamStatistics (StatsID, TeamID, WinLossPercentage) values (87, 87, 96.8);
insert into TeamStatistics (StatsID, TeamID, WinLossPercentage) values (88, 88, 25.17);
insert into TeamStatistics (StatsID, TeamID, WinLossPercentage) values (89, 89, 49.85);
insert into TeamStatistics (StatsID, TeamID, WinLossPercentage) values (90, 90, 93.63);
insert into TeamStatistics (StatsID, TeamID, WinLossPercentage) values (91, 91, 86.15);
insert into TeamStatistics (StatsID, TeamID, WinLossPercentage) values (92, 92, 30.92);
insert into TeamStatistics (StatsID, TeamID, WinLossPercentage) values (93, 93, 55.67);
insert into TeamStatistics (StatsID, TeamID, WinLossPercentage) values (94, 94, 54.16);
insert into TeamStatistics (StatsID, TeamID, WinLossPercentage) values (95, 95, 61.08);
insert into TeamStatistics (StatsID, TeamID, WinLossPercentage) values (96, 96, 42.97);
insert into TeamStatistics (StatsID, TeamID, WinLossPercentage) values (97, 97, 39.05);
insert into TeamStatistics (StatsID, TeamID, WinLossPercentage) values (98, 98, 52.64);
insert into TeamStatistics (StatsID, TeamID, WinLossPercentage) values (99, 99, 45.04);
insert into TeamStatistics (StatsID, TeamID, WinLossPercentage) values (100, 100, 86.84);
